Team_Name, Opponent_Name,Win_Type,Toss_Decision,Host_Country,Toss_Winner_Name,Match_Winner_Name,City_Name,Venue_Name,Match_Date,Won_By,Season_Id
Mumbai Indians,Chennai Super Kings,by runs,field,India,Mumbai Indians,Chennai Super Kings,Bangalore,M Chinnaswamy Stadium,4/18/08,140,1
Delhi Daredevils,Kolkatta Knight Riders,by runs,bat,India,Kolkatta Knight Riders,Kolkatta Knight Riders,Chandigarh,"Punjab Cricket Association Stadium, Mohali",4/19/08,33,1
Royal Challengers Bangalore,Kings XI Punjab,by wickets,bat,India,Kings XI Punjab,Royal Challengers Bangalore,Delhi,Feroz Shah Kotla,4/19/08,9,1
Sunrisers Hyderabad,Mumbai Indians,by wickets,bat,India,Sunrisers Hyderabad,Mumbai Indians,Mumbai,Wankhede Stadium,4/20/08,5,1
Chennai Super Kings,Rajasthan Royals,by wickets,bat,India,Rajasthan Royals,Chennai Super Kings,Kolkata,Eden Gardens,4/20/08,5,1
Kings XI Punjab,Delhi Daredevils,by wickets,bat,India,Delhi Daredevils,Kings XI Punjab,Jaipur,Sawai Mansingh Stadium,4/21/08,6,1
Rajasthan Royals,Royal Challengers Bangalore,by wickets,bat,India,Rajasthan Royals,Royal Challengers Bangalore,Hyderabad,"Rajiv Gandhi International Stadium, Uppal",4/22/08,9,1
Kolkatta Knight Riders,Sunrisers Hyderabad,by runs,field,India,Sunrisers Hyderabad,Kolkatta Knight Riders,Chennai,"MA Chidambaram Stadium, Chepauk",4/23/08,6,1
Rajasthan Royals,Kings XI Punjab,by wickets,field,India,Kings XI Punjab,Kings XI Punjab,Hyderabad,"Rajiv Gandhi International Stadium, Uppal",4/24/08,3,1
Delhi Daredevils,Sunrisers Hyderabad,by runs,field,India,Sunrisers Hyderabad,Delhi Daredevils,Chandigarh,"Punjab Cricket Association Stadium, Mohali",4/25/08,66,1
Mumbai Indians,Kings XI Punjab,by wickets,field,India,Kings XI Punjab,Kings XI Punjab,Bangalore,M Chinnaswamy Stadium,4/26/08,7,1
Kolkatta Knight Riders,Chennai Super Kings,by wickets,bat,India,Chennai Super Kings,Kolkatta Knight Riders,Chennai,"MA Chidambaram Stadium, Chepauk",4/26/08,9,1
Sunrisers Hyderabad,Rajasthan Royals,by wickets,field,India,Rajasthan Royals,Rajasthan Royals ,Mumbai,Dr DY Patil Sports Academy,4/27/08,10,1
Delhi Daredevils,Royal Challengers Bangalore,by wickets,bat,India,Royal Challengers Bangalore,Delhi Daredevils,Chandigarh,"Punjab Cricket Association Stadium, Mohali",4/27/08,4,1
Mumbai Indians,Kolkatta Knight Riders,by runs,bat,India,Kolkatta Knight Riders,Kolkatta Knight Riders,Bangalore,M Chinnaswamy Stadium,4/28/08,13,1
Chennai Super Kings,Sunrisers Hyderabad,by wickets,bat,India,Chennai Super Kings,Sunrisers Hyderabad,Kolkata,Eden Gardens,4/29/08,7,1
Royal Challengers Bangalore,Mumbai Indians,by runs,field,India,Mumbai Indians,Royal Challengers Bangalore,Delhi,Feroz Shah Kotla,4/30/08,10,1
Rajasthan Royals,Delhi Daredevils,by wickets,field,India,Delhi Daredevils,Delhi Daredevils,Hyderabad,"Rajiv Gandhi International Stadium, Uppal",5/1/08,7,1
Kings XI Punjab,Chennai Super Kings,by runs,bat,India,Kings XI Punjab,Kings XI Punjab,Jaipur,Sawai Mansingh Stadium,5/1/08,45,1
Kolkatta Knight Riders,Royal Challengers Bangalore,by wickets,bat,India,Kolkatta Knight Riders,Royal Challengers Bangalore,Chennai,"MA Chidambaram Stadium, Chepauk",5/2/08,8,1
Rajasthan Royals,Mumbai Indians,by wickets,bat,India,Rajasthan Royals,Mumbai Indians,Hyderabad,"Rajiv Gandhi International Stadium, Uppal",5/25/08,5,1
Delhi Daredevils,Chennai Super Kings,by runs,bat,India,Delhi Daredevils,Delhi Daredevils,Chandigarh,"Punjab Cricket Association Stadium, Mohali",5/3/08,9,1
Sunrisers Hyderabad,Royal Challengers Bangalore,by runs,field,India,Royal Challengers Bangalore,Sunrisers Hyderabad,Mumbai,Dr DY Patil Sports Academy,5/4/08,29,1
Kings XI Punjab,Kolkatta Knight Riders,by wickets,bat,India,Kolkatta Knight Riders,Kings XI Punjab,Jaipur,Sawai Mansingh Stadium,5/4/08,8,1
Mumbai Indians,Delhi Daredevils,by wickets,field,India,Delhi Daredevils,Delhi Daredevils,Bangalore,M Chinnaswamy Stadium,5/5/08,6,1
Kolkatta Knight Riders,Rajasthan Royals,by wickets,field,India,Rajasthan Royals,Rajasthan Royals ,Chennai,"MA Chidambaram Stadium, Chepauk",5/6/08,7,1
Sunrisers Hyderabad,Kings XI Punjab,by wickets,field,India,Sunrisers Hyderabad,Sunrisers Hyderabad,Mumbai,Dr DY Patil Sports Academy,5/7/08,7,1
Royal Challengers Bangalore,Kolkatta Knight Riders,by wickets,field,India,Kolkatta Knight Riders,Kolkatta Knight Riders,Delhi,Feroz Shah Kotla,5/8/08,4,1
Chennai Super Kings,Mumbai Indians,by runs,bat,India,Chennai Super Kings,Chennai Super Kings,Kolkata,Eden Gardens,5/8/08,5,1
Kings XI Punjab,Rajasthan Royals,by wickets,field,India,Kings XI Punjab,Kings XI Punjab,Jaipur,Sawai Mansingh Stadium,5/9/08,8,1
Mumbai Indians,Sunrisers Hyderabad,by wickets,field,India,Sunrisers Hyderabad,Sunrisers Hyderabad,Bangalore,M Chinnaswamy Stadium,5/28/08,9,1
Kolkatta Knight Riders,Delhi Daredevils,by runs,field,India,Delhi Daredevils,Kolkatta Knight Riders,Chennai,"MA Chidambaram Stadium, Chepauk",5/10/08,18,1
Rajasthan Royals,Chennai Super Kings,by runs,bat,India,Chennai Super Kings,Chennai Super Kings,Hyderabad,"Rajiv Gandhi International Stadium, Uppal",5/11/08,23,1
Kings XI Punjab,Royal Challengers Bangalore,by wickets,field,India,Kings XI Punjab,Kings XI Punjab,Jaipur,Sawai Mansingh Stadium,5/11/08,3,1
Delhi Daredevils,Mumbai Indians,by wickets,bat,India,Mumbai Indians,Delhi Daredevils,Chandigarh,"Punjab Cricket Association Stadium, Mohali",5/12/08,9,1
Chennai Super Kings,Royal Challengers Bangalore,by runs,bat,India,Chennai Super Kings,Chennai Super Kings,Kolkata,Eden Gardens,5/13/08,23,1
Sunrisers Hyderabad,Kolkatta Knight Riders,by wickets,field,India,Sunrisers Hyderabad,Sunrisers Hyderabad,Mumbai,Wankhede Stadium,5/14/08,9,1
Delhi Daredevils,Kings XI Punjab,by runs,field,India,Kings XI Punjab,Delhi Daredevils,Chandigarh,"Punjab Cricket Association Stadium, Mohali",5/28/08,41,1
Royal Challengers Bangalore,Rajasthan Royals,by runs,field,India,Rajasthan Royals,Royal Challengers Bangalore,Delhi,Feroz Shah Kotla,5/15/08,12,1
Sunrisers Hyderabad,Chennai Super Kings,by wickets,field,India,Sunrisers Hyderabad,Sunrisers Hyderabad,Mumbai,Wankhede Stadium,5/16/08,8,1
Royal Challengers Bangalore,Delhi Daredevils,by runs,bat,India,Royal Challengers Bangalore,Delhi Daredevils,Delhi,Feroz Shah Kotla,5/17/08,6,1
Kings XI Punjab,Mumbai Indians,by runs,field,India,Mumbai Indians,Kings XI Punjab,Jaipur,Sawai Mansingh Stadium,5/17/08,65,1
Rajasthan Royals,Sunrisers Hyderabad,by runs,field,India,Rajasthan Royals,Sunrisers Hyderabad,Hyderabad,"Rajiv Gandhi International Stadium, Uppal",5/18/08,25,1
Chennai Super Kings,Kolkatta Knight Riders,by runs,bat,India,Chennai Super Kings,Kolkatta Knight Riders,Kolkata,Eden Gardens,5/18/08,3,1
Mumbai Indians,Royal Challengers Bangalore,by wickets,field,India,Royal Challengers Bangalore,Royal Challengers Bangalore,Bangalore,M Chinnaswamy Stadium,5/19/08,5,1
Chennai Super Kings,Kings XI Punjab,by wickets,field,India,Kings XI Punjab,Kings XI Punjab,Kolkata,Eden Gardens,5/20/08,6,1
Sunrisers Hyderabad,Delhi Daredevils,by runs,field,India,Sunrisers Hyderabad,Delhi Daredevils,Mumbai,Wankhede Stadium,5/21/08,1,1
Kolkatta Knight Riders,Mumbai Indians,by runs,bat,India,Mumbai Indians,Mumbai Indians,Chennai,"MA Chidambaram Stadium, Chepauk",5/21/08,14,1
Delhi Daredevils,Rajasthan Royals,by wickets,field,India,Delhi Daredevils,Delhi Daredevils,Chandigarh,"Punjab Cricket Association Stadium, Mohali",5/23/08,6,1
Royal Challengers Bangalore,Sunrisers Hyderabad,by wickets,field,India,Royal Challengers Bangalore,Royal Challengers Bangalore,Delhi,Feroz Shah Kotla,5/24/08,5,1
Kolkatta Knight Riders,Kings XI Punjab,by runs,bat,India,Kings XI Punjab,Kings XI Punjab,Chennai,"MA Chidambaram Stadium, Chepauk",5/24/08,10,1
Mumbai Indians,Rajasthan Royals,by runs,field,India,Rajasthan Royals,Mumbai Indians,Bangalore,M Chinnaswamy Stadium,5/3/08,3,1
Chennai Super Kings,Delhi Daredevils,by wickets,bat,India,Delhi Daredevils,Chennai Super Kings,Kolkata,Eden Gardens,5/25/08,3,1
Kings XI Punjab,Sunrisers Hyderabad,by wickets,field,India,Kings XI Punjab,Kings XI Punjab,Jaipur,Sawai Mansingh Stadium,5/26/08,5,1
Rajasthan Royals,Kolkatta Knight Riders,by wickets,bat,India,Rajasthan Royals,Kolkatta Knight Riders,Hyderabad,"Rajiv Gandhi International Stadium, Uppal",5/27/08,7,1
Royal Challengers Bangalore,Kings XI Punjab,by runs,field,India,Royal Challengers Bangalore,Kings XI Punjab,Mumbai,Wankhede Stadium,5/30/08,105,1
Kolkatta Knight Riders,Delhi Daredevils,by wickets,bat,India,Delhi Daredevils,Kolkatta Knight Riders,Mumbai,Wankhede Stadium,5/31/08,9,1
Kolkatta Knight Riders,Kings XI Punjab,by wickets,field,India,Kings XI Punjab,Kings XI Punjab,Mumbai,Dr DY Patil Sports Academy,6/1/08,3,1
Kolkatta Knight Riders,Sunrisers Hyderabad,by runs,field,South Africa,Kolkatta Knight Riders,Sunrisers Hyderabad,Cape Town,Newlands,4/18/09,19,2
Mumbai Indians,Kings XI Punjab,by runs,bat,South Africa,Mumbai Indians,Mumbai Indians,Cape Town,Newlands,4/18/09,75,2
Royal Challengers Bangalore,Delhi Daredevils,by wickets,field,South Africa,Royal Challengers Bangalore,Royal Challengers Bangalore,Cape Town,Newlands,4/19/09,10,2
Rajasthan Royals,Chennai Super Kings,by wickets,bat,South Africa,Chennai Super Kings,Rajasthan Royals ,Cape Town,Newlands,4/19/09,8,2
Mumbai Indians,Kolkatta Knight Riders,by runs,bat,South Africa,Kolkatta Knight Riders,Kolkatta Knight Riders,Port Elizabeth,St George's Park,4/20/09,92,2
Delhi Daredevils,Chennai Super Kings,by runs,field,South Africa,Chennai Super Kings,Chennai Super Kings,Durban,Kingsmead,4/21/09,11,2
Mumbai Indians,Rajasthan Royals,by runs,bat,South Africa,Rajasthan Royals,Rajasthan Royals ,Cape Town,Newlands,4/22/09,24,2
Kolkatta Knight Riders,Royal Challengers Bangalore,by runs,bat,South Africa,Royal Challengers Bangalore,Royal Challengers Bangalore,Durban,Kingsmead,4/23/09,9,2
Mumbai Indians,Delhi Daredevils,by wickets,bat,South Africa,Mumbai Indians,Delhi Daredevils,Durban,Kingsmead,4/24/09,7,2
Rajasthan Royals,Sunrisers Hyderabad,by runs,bat,South Africa,Rajasthan Royals,Rajasthan Royals ,Durban,Kingsmead,4/25/09,12,2
Mumbai Indians,Royal Challengers Bangalore,by wickets,bat,South Africa,Mumbai Indians,Royal Challengers Bangalore,Port Elizabeth,St George's Park,4/26/09,6,2
Delhi Daredevils,Kings XI Punjab,by runs,bat,South Africa,Delhi Daredevils,Delhi Daredevils,Cape Town,Newlands,4/26/09,27,2
Kolkatta Knight Riders,Rajasthan Royals,by wickets,field,South Africa,Rajasthan Royals,Rajasthan Royals ,Durban,Kingsmead,4/27/09,6,2
Chennai Super Kings,Sunrisers Hyderabad,by runs,bat,South Africa,Sunrisers Hyderabad,Sunrisers Hyderabad,Port Elizabeth,St George's Park,4/27/09,92,2
Royal Challengers Bangalore,Kings XI Punjab,by wickets,bat,South Africa,Royal Challengers Bangalore,Kings XI Punjab,Centurion,SuperSport Park,4/28/09,5,2
Mumbai Indians,Chennai Super Kings,by wickets,bat,South Africa,Chennai Super Kings,Mumbai Indians,Durban,Kingsmead,4/29/09,5,2
Delhi Daredevils,Sunrisers Hyderabad,by runs,bat,South Africa,Delhi Daredevils,Delhi Daredevils,Durban,Kingsmead,4/29/09,3,2
Rajasthan Royals,Royal Challengers Bangalore,by wickets,field,South Africa,Royal Challengers Bangalore,Royal Challengers Bangalore,Centurion,SuperSport Park,4/30/09,6,2
Kolkatta Knight Riders,Kings XI Punjab,by runs,field,South Africa,Kings XI Punjab,Kolkatta Knight Riders,Centurion,SuperSport Park,4/30/09,38,2
Chennai Super Kings,Sunrisers Hyderabad,by runs,bat,South Africa,Sunrisers Hyderabad,Sunrisers Hyderabad,East London,Buffalo Park,5/1/09,9,2
Mumbai Indians,Delhi Daredevils,by runs,bat,South Africa,Mumbai Indians,Mumbai Indians,Durban,Kingsmead,5/1/09,8,2
Rajasthan Royals,Kings XI Punjab,by wickets,bat,South Africa,Rajasthan Royals,Kings XI Punjab,Port Elizabeth,St George's Park,5/2/09,3,2
Kolkatta Knight Riders,Royal Challengers Bangalore,by runs,field,South Africa,Royal Challengers Bangalore,Kolkatta Knight Riders,Johannesburg,New Wanderers Stadium,5/2/09,18,2
Delhi Daredevils,Chennai Super Kings,by wickets,bat,South Africa,Chennai Super Kings,Delhi Daredevils,Port Elizabeth,St George's Park,5/3/09,6,2
Mumbai Indians,Sunrisers Hyderabad,by wickets,bat,South Africa,Sunrisers Hyderabad,Mumbai Indians,Johannesburg,New Wanderers Stadium,5/3/09,9,2
Kolkatta Knight Riders,Rajasthan Royals,by runs,bat,South Africa,Kolkatta Knight Riders,Kolkatta Knight Riders,East London,Buffalo Park,5/4/09,78,2
Delhi Daredevils,Kings XI Punjab,by runs,field,South Africa,Delhi Daredevils,Kings XI Punjab,Durban,Kingsmead,5/5/09,78,2
Royal Challengers Bangalore,Chennai Super Kings,by wickets,bat,South Africa,Chennai Super Kings,Royal Challengers Bangalore,Durban,Kingsmead,5/5/09,9,2
Rajasthan Royals,Sunrisers Hyderabad,by runs,bat,South Africa,Rajasthan Royals,Rajasthan Royals ,Centurion,SuperSport Park,5/6/09,19,2
Mumbai Indians,Kings XI Punjab,by wickets,field,South Africa,Kings XI Punjab,Kings XI Punjab,Centurion,SuperSport Park,5/7/09,7,2
Kolkatta Knight Riders,Delhi Daredevils,by runs,bat,South Africa,Kolkatta Knight Riders,Kolkatta Knight Riders,Centurion,SuperSport Park,5/7/09,12,2
Royal Challengers Bangalore,Sunrisers Hyderabad,by wickets,bat,South Africa,Sunrisers Hyderabad,Royal Challengers Bangalore,East London,Buffalo Park,5/8/09,7,2
Rajasthan Royals,Delhi Daredevils,by wickets,field,South Africa,Delhi Daredevils,Delhi Daredevils,Kimberley,De Beers Diamond Oval,5/9/09,3,2
Kolkatta Knight Riders,Kings XI Punjab,by wickets,bat,South Africa,Kings XI Punjab,Kolkatta Knight Riders,Kimberley,De Beers Diamond Oval,5/9/09,7,2
Mumbai Indians,Sunrisers Hyderabad,by runs,bat,South Africa,Sunrisers Hyderabad,Sunrisers Hyderabad,Port Elizabeth,St George's Park,5/10/09,16,2
Royal Challengers Bangalore,Chennai Super Kings,by wickets,field,South Africa,Royal Challengers Bangalore,Royal Challengers Bangalore,Johannesburg,New Wanderers Stadium,5/10/09,7,2
Rajasthan Royals,Kings XI Punjab,by runs,bat,South Africa,Rajasthan Royals,Rajasthan Royals ,Kimberley,De Beers Diamond Oval,5/11/09,53,2
Mumbai Indians,Chennai Super Kings,by wickets,field,South Africa,Mumbai Indians,Mumbai Indians,Centurion,SuperSport Park,5/12/09,6,2
Delhi Daredevils,Sunrisers Hyderabad,by wickets,bat,South Africa,Delhi Daredevils,Sunrisers Hyderabad,Centurion,SuperSport Park,5/12/09,8,2
Rajasthan Royals,Royal Challengers Bangalore,by runs,field,South Africa,Rajasthan Royals,Royal Challengers Bangalore,Durban,Kingsmead,5/13/09,12,2
Mumbai Indians,Kolkatta Knight Riders,by wickets,bat,South Africa,Kolkatta Knight Riders,Mumbai Indians,Durban,Kingsmead,5/14/09,2,2
Sunrisers Hyderabad,Kings XI Punjab,by runs,bat,South Africa,Kings XI Punjab,Kings XI Punjab,Durban,Kingsmead,5/14/09,2,2
Royal Challengers Bangalore,Delhi Daredevils,by wickets,field,South Africa,Delhi Daredevils,Delhi Daredevils,Bloemfontein,OUTsurance Oval,5/15/09,6,2
Kolkatta Knight Riders,Sunrisers Hyderabad,by wickets,bat,South Africa,Sunrisers Hyderabad,Kolkatta Knight Riders,Port Elizabeth,St George's Park,5/16/09,7,2
Rajasthan Royals,Chennai Super Kings,by wickets,field,South Africa,Rajasthan Royals,Rajasthan Royals ,Johannesburg,New Wanderers Stadium,5/16/09,6,2
Rajasthan Royals,Delhi Daredevils,by runs,field,South Africa,Rajasthan Royals,Delhi Daredevils,Johannesburg,New Wanderers Stadium,5/17/09,1,2
Royal Challengers Bangalore,Kings XI Punjab,by runs,bat,South Africa,Royal Challengers Bangalore,Royal Challengers Bangalore,Bloemfontein,OUTsurance Oval,5/17/09,14,2
Kolkatta Knight Riders,Chennai Super Kings,by wickets,bat,South Africa,Kolkatta Knight Riders,Chennai Super Kings,Centurion,SuperSport Park,5/18/09,7,2
Mumbai Indians,Royal Challengers Bangalore,by wickets,bat,South Africa,Royal Challengers Bangalore,Mumbai Indians,Johannesburg,New Wanderers Stadium,5/19/09,7,2
Chennai Super Kings,Kings XI Punjab,by wickets,field,South Africa,Chennai Super Kings,Chennai Super Kings,Durban,Kingsmead,5/20/09,4,2
Kolkatta Knight Riders,Delhi Daredevils,by runs,bat,South Africa,Kolkatta Knight Riders,Kolkatta Knight Riders,Durban,Kingsmead,5/20/09,24,2
Royal Challengers Bangalore,Sunrisers Hyderabad,by wickets,field,South Africa,Royal Challengers Bangalore,Royal Challengers Bangalore,Centurion,SuperSport Park,5/21/09,4,2
Mumbai Indians,Rajasthan Royals,by runs,bat,South Africa,Mumbai Indians,Mumbai Indians,Centurion,SuperSport Park,5/21/09,12,2
Royal Challengers Bangalore,Rajasthan Royals,by wickets,field,South Africa,Rajasthan Royals,Rajasthan Royals ,Centurion,SuperSport Park,5/22/09,6,2
Mumbai Indians,Kolkatta Knight Riders,by wickets,field,South Africa,Mumbai Indians,Mumbai Indians,Johannesburg,New Wanderers Stadium,5/23/09,6,2
Mumbai Indians,Rajasthan Royals,by runs,field,South Africa,Mumbai Indians,Rajasthan Royals ,Johannesburg,New Wanderers Stadium,5/24/09,6,2
Rajasthan Royals,Chennai Super Kings,by runs,field,India,Rajasthan Royals,Chennai Super Kings,Mumbai,Dr DY Patil Sports Academy,3/12/10,11,3
Sunrisers Hyderabad,Kings XI Punjab,by runs,bat,India,Sunrisers Hyderabad,Sunrisers Hyderabad,Mumbai,Brabourne Stadium,3/13/10,4,3
Delhi Daredevils,Royal Challengers Bangalore,by wickets,field,India,Royal Challengers Bangalore,Royal Challengers Bangalore,Chandigarh,"Punjab Cricket Association Stadium, Mohali",3/13/10,5,3
Chennai Super Kings,Mumbai Indians,by wickets,field,India,Chennai Super Kings,Chennai Super Kings,Kolkata,Eden Gardens,3/14/10,7,3
Kolkatta Knight Riders,Rajasthan Royals,by runs,bat,India,Rajasthan Royals,Rajasthan Royals ,Chennai,"MA Chidambaram Stadium, Chepauk",3/14/10,31,3
Kings XI Punjab,Royal Challengers Bangalore,by wickets,field,India,Royal Challengers Bangalore,Royal Challengers Bangalore,Ahmedabad,"Sardar Patel Stadium, Motera",3/15/10,6,3
Mumbai Indians,Delhi Daredevils,by wickets,bat,India,Delhi Daredevils,Mumbai Indians,Bangalore,M Chinnaswamy Stadium,3/16/10,8,3
Chennai Super Kings,Kolkatta Knight Riders,by runs,bat,India,Kolkatta Knight Riders,Kolkatta Knight Riders,Kolkata,Eden Gardens,3/16/10,55,3
Royal Challengers Bangalore,Sunrisers Hyderabad,by runs,field,India,Royal Challengers Bangalore,Sunrisers Hyderabad,Delhi,Feroz Shah Kotla,3/17/10,98,3
Mumbai Indians,Kings XI Punjab,by wickets,field,India,Mumbai Indians,Mumbai Indians,Bangalore,M Chinnaswamy Stadium,3/18/10,10,3
Royal Challengers Bangalore,Kolkatta Knight Riders,by wickets,bat,India,Royal Challengers Bangalore,Kolkatta Knight Riders,Delhi,Feroz Shah Kotla,3/19/10,5,3
Rajasthan Royals,Delhi Daredevils,by runs,field,India,Delhi Daredevils,Rajasthan Royals ,Cuttack,Barabati Stadium,3/19/10,6,3
Kings XI Punjab,Chennai Super Kings,by runs,bat,India,Kings XI Punjab,Kings XI Punjab,Ahmedabad,"Sardar Patel Stadium, Motera",3/20/10,34,3
Sunrisers Hyderabad,Mumbai Indians,by wickets,bat,India,Sunrisers Hyderabad,Mumbai Indians,Mumbai,Brabourne Stadium,3/20/10,7,3
Rajasthan Royals,Royal Challengers Bangalore,by runs,bat,India,Rajasthan Royals,Rajasthan Royals ,Cuttack,Barabati Stadium,3/21/10,10,3
Sunrisers Hyderabad,Chennai Super Kings,by wickets,bat,India,Chennai Super Kings,Sunrisers Hyderabad,Mumbai,Brabourne Stadium,3/22/10,7,3
Mumbai Indians,Kolkatta Knight Riders,by runs,field,India,Kolkatta Knight Riders,Mumbai Indians,Bangalore,M Chinnaswamy Stadium,3/23/10,36,3
Delhi Daredevils,Kings XI Punjab,by runs,field,India,Delhi Daredevils,Kings XI Punjab,Chandigarh,"Punjab Cricket Association Stadium, Mohali",3/24/10,31,3
Sunrisers Hyderabad,Kolkatta Knight Riders,by wickets,field,India,Sunrisers Hyderabad,Sunrisers Hyderabad,Mumbai,Brabourne Stadium,3/25/10,5,3
Kings XI Punjab,Rajasthan Royals,by wickets,bat,India,Rajasthan Royals,Kings XI Punjab,Ahmedabad,"Sardar Patel Stadium, Motera",3/26/10,8,3
Delhi Daredevils,Chennai Super Kings,by runs,bat,India,Chennai Super Kings,Chennai Super Kings,Chandigarh,"Punjab Cricket Association Stadium, Mohali",3/27/10,39,3
Mumbai Indians,Royal Challengers Bangalore,by runs,field,India,Mumbai Indians,Royal Challengers Bangalore,Bangalore,M Chinnaswamy Stadium,3/25/10,17,3
Kings XI Punjab,Kolkatta Knight Riders,by runs,bat,India,Kings XI Punjab,Kings XI Punjab,Ahmedabad,"Sardar Patel Stadium, Motera",3/28/10,17,3
Rajasthan Royals,Sunrisers Hyderabad,by runs,field,India,Rajasthan Royals,Sunrisers Hyderabad,Mumbai,Dr DY Patil Sports Academy,3/28/10,41,3
Royal Challengers Bangalore,Chennai Super Kings,by runs,bat,India,Royal Challengers Bangalore,Royal Challengers Bangalore,Delhi,Feroz Shah Kotla,3/29/10,40,3
Sunrisers Hyderabad,Delhi Daredevils,by wickets,field,India,Sunrisers Hyderabad,Sunrisers Hyderabad,Mumbai,Brabourne Stadium,3/30/10,4,3
Kolkatta Knight Riders,Mumbai Indians,by wickets,bat,India,Mumbai Indians,Kolkatta Knight Riders,Chennai,"MA Chidambaram Stadium, Chepauk",3/31/10,5,3
Royal Challengers Bangalore,Kings XI Punjab,by runs,bat,India,Royal Challengers Bangalore,Royal Challengers Bangalore,Delhi,Feroz Shah Kotla,3/31/10,67,3
Chennai Super Kings,Rajasthan Royals,by runs,bat,India,Chennai Super Kings,Chennai Super Kings,Kolkata,Eden Gardens,4/1/10,24,3
Delhi Daredevils,Mumbai Indians,by wickets,bat,India,Delhi Daredevils,Mumbai Indians,Chandigarh,"Punjab Cricket Association Stadium, Mohali",4/2/10,6,3
Kolkatta Knight Riders,Kings XI Punjab,by runs,bat,India,Kolkatta Knight Riders,Kolkatta Knight Riders,Chennai,"MA Chidambaram Stadium, Chepauk",4/3/10,23,3
Sunrisers Hyderabad,Rajasthan Royals,by runs,bat,India,Sunrisers Hyderabad,Sunrisers Hyderabad,Mumbai,Brabourne Stadium,4/3/10,63,3
Chennai Super Kings,Delhi Daredevils,by wickets,bat,India,Chennai Super Kings,Delhi Daredevils,Kolkata,Eden Gardens,4/4/10,8,3
Royal Challengers Bangalore,Mumbai Indians,by runs,bat,India,Royal Challengers Bangalore,Royal Challengers Bangalore,Delhi,Feroz Shah Kotla,4/4/10,37,3
Rajasthan Royals,Kings XI Punjab,by runs,bat,India,Kings XI Punjab,Kings XI Punjab,Nagpur,"Vidarbha Cricket Association Stadium, Jamtha",4/5/10,2,3
Kolkatta Knight Riders,Sunrisers Hyderabad,by runs,bat,India,Kolkatta Knight Riders,Kolkatta Knight Riders,Chennai,"MA Chidambaram Stadium, Chepauk",4/6/10,24,3
Kings XI Punjab,Delhi Daredevils,by wickets,bat,India,Delhi Daredevils,Kings XI Punjab,Jaipur,Sawai Mansingh Stadium,4/7/10,9,3
Chennai Super Kings,Royal Challengers Bangalore,by runs,bat,India,Chennai Super Kings,Chennai Super Kings,Kolkata,Eden Gardens,4/7/10,14,3
Mumbai Indians,Rajasthan Royals,by wickets,field,India,Rajasthan Royals,Rajasthan Royals ,Bangalore,M Chinnaswamy Stadium,4/8/10,7,3
Delhi Daredevils,Sunrisers Hyderabad,by wickets,bat,India,Sunrisers Hyderabad,Delhi Daredevils,Chandigarh,"Punjab Cricket Association Stadium, Mohali",4/9/10,6,3
Rajasthan Royals,Kolkatta Knight Riders,by wickets,bat,India,Kolkatta Knight Riders,Rajasthan Royals ,Nagpur,"Vidarbha Cricket Association Stadium, Jamtha",4/10/10,6,3
Mumbai Indians,Chennai Super Kings,by wickets,field,India,Mumbai Indians,Mumbai Indians,Bangalore,M Chinnaswamy Stadium,4/10/10,7,3
Royal Challengers Bangalore,Delhi Daredevils,by wickets,bat,India,Royal Challengers Bangalore,Delhi Daredevils,Delhi,Feroz Shah Kotla,4/11/10,7,3
Kings XI Punjab,Sunrisers Hyderabad,by runs,field,India,Kings XI Punjab,Sunrisers Hyderabad,Jaipur,Sawai Mansingh Stadium,4/11/10,37,3
Rajasthan Royals,Mumbai Indians,by runs,field,India,Mumbai Indians,Rajasthan Royals ,Nagpur,"Vidarbha Cricket Association Stadium, Jamtha",4/12/10,13,3
Sunrisers Hyderabad,Royal Challengers Bangalore,by runs,bat,India,Sunrisers Hyderabad,Sunrisers Hyderabad,Mumbai,Brabourne Stadium,4/13/10,39,3
Kolkatta Knight Riders,Chennai Super Kings,by wickets,bat,India,Chennai Super Kings,Kolkatta Knight Riders,Chennai,"MA Chidambaram Stadium, Chepauk",4/13/10,9,3
Kings XI Punjab,Mumbai Indians,by wickets,bat,India,Kings XI Punjab,Mumbai Indians,Jaipur,Sawai Mansingh Stadium,4/14/10,5,3
Kolkatta Knight Riders,Royal Challengers Bangalore,by wickets,bat,India,Kolkatta Knight Riders,Royal Challengers Bangalore,Chennai,"MA Chidambaram Stadium, Chepauk",4/15/10,6,3
Delhi Daredevils,Rajasthan Royals,by wickets,field,India,Rajasthan Royals,Rajasthan Royals ,Dharamsala,Himachal Pradesh Cricket Association Stadium,4/16/10,5,3
Mumbai Indians,Sunrisers Hyderabad,by runs,field,India,Mumbai Indians,Sunrisers Hyderabad,Bangalore,M Chinnaswamy Stadium,4/17/10,57,3
Chennai Super Kings,Kings XI Punjab,by wickets,bat,India,Kings XI Punjab,Chennai Super Kings,Kolkata,Eden Gardens,4/17/10,8,3
Delhi Daredevils,Kolkatta Knight Riders,by wickets,field,India,Kolkatta Knight Riders,Kolkatta Knight Riders,Dharamsala,Himachal Pradesh Cricket Association Stadium,4/18/10,6,3
Royal Challengers Bangalore,Rajasthan Royals,by runs,bat,India,Rajasthan Royals,Rajasthan Royals ,Delhi,Feroz Shah Kotla,4/18/10,11,3
Chennai Super Kings,Sunrisers Hyderabad,by wickets,bat,India,Sunrisers Hyderabad,Chennai Super Kings,Kolkata,Eden Gardens,4/19/10,9,3
Mumbai Indians,Sunrisers Hyderabad,by runs,bat,India,Sunrisers Hyderabad,Sunrisers Hyderabad,Mumbai,Dr DY Patil Sports Academy,4/21/10,35,3
Kolkatta Knight Riders,Rajasthan Royals,by runs,bat,India,Kolkatta Knight Riders,Kolkatta Knight Riders,Mumbai,Dr DY Patil Sports Academy,4/22/10,38,3
Mumbai Indians,Rajasthan Royals,by wickets,bat,India,Rajasthan Royals,Mumbai Indians,Mumbai,Dr DY Patil Sports Academy,4/24/10,9,3
Kolkatta Knight Riders,Sunrisers Hyderabad,by runs,bat,India,Kolkatta Knight Riders,Kolkatta Knight Riders,Mumbai,Dr DY Patil Sports Academy,4/25/10,22,3
Kolkatta Knight Riders,Chennai Super Kings,by runs,bat,India,Kolkatta Knight Riders,Kolkatta Knight Riders,Chennai,"MA Chidambaram Stadium, Chepauk",4/8/11,2,4
Rajasthan Royals,Kings XI Punjab,by wickets,field,India,Kings XI Punjab,Kings XI Punjab,Hyderabad,"Rajiv Gandhi International Stadium, Uppal",4/9/11,8,4
Kochi Tuskers,Mumbai Indians,by wickets,bat,India,Kochi Tuskers,Mumbai Indians,Kochi,Nehru Stadium,4/9/11,6,4
Royal Challengers Bangalore,Sunrisers Hyderabad,by wickets,bat,India,Royal Challengers Bangalore,Sunrisers Hyderabad,Delhi,Feroz Shah Kotla,4/10/11,8,4
Gujarat Lions,Delhi Daredevils,by wickets,bat,India,Delhi Daredevils,Gujarat Lion,Mumbai,Dr DY Patil Sports Academy,4/10/11,7,4
Chennai Super Kings,Rajasthan Royals,by runs,bat,India,Chennai Super Kings,Chennai Super Kings,Kolkata,Eden Gardens,4/11/11,9,4
Kings XI Punjab,Royal Challengers Bangalore,by wickets,bat,India,Royal Challengers Bangalore,Kings XI Punjab,Jaipur,Sawai Mansingh Stadium,4/12/11,6,4
Mumbai Indians,Sunrisers Hyderabad,by wickets,field,India,Sunrisers Hyderabad,Sunrisers Hyderabad,Bangalore,M Chinnaswamy Stadium,4/12/11,9,4
Delhi Daredevils,Kolkatta Knight Riders,by wickets,field,India,Delhi Daredevils,Delhi Daredevils,Chandigarh,"Punjab Cricket Association Stadium, Mohali",4/13/11,6,4
Gujarat Lions,Kochi Tuskers,by wickets,bat,India,Kochi Tuskers,Gujarat Lion,Mumbai,Dr DY Patil Sports Academy,4/13/11,4,4
Rajasthan Royals,Mumbai Indians,by runs,field,India,Mumbai Indians,Rajasthan Royals ,Hyderabad,"Rajiv Gandhi International Stadium, Uppal",4/14/11,33,4
Kings XI Punjab,Chennai Super Kings,by wickets,field,India,Chennai Super Kings,Chennai Super Kings,Jaipur,Sawai Mansingh Stadium,4/15/11,9,4
Sunrisers Hyderabad,Kochi Tuskers,by wickets,field,India,Kochi Tuskers,Kochi Tuskers,Mumbai,Wankhede Stadium,4/15/11,8,4
Kolkatta Knight Riders,Mumbai Indians,by runs,bat,India,Kolkatta Knight Riders,Kolkatta Knight Riders,Chennai,"MA Chidambaram Stadium, Chepauk",4/16/11,21,4
Rajasthan Royals,Delhi Daredevils,by wickets,field,India,Delhi Daredevils,Delhi Daredevils,Hyderabad,"Rajiv Gandhi International Stadium, Uppal",4/16/11,8,4
Gujarat Lions,Royal Challengers Bangalore,by wickets,field,India,Royal Challengers Bangalore,Royal Challengers Bangalore,Mumbai,Dr DY Patil Sports Academy,4/17/11,3,4
Chennai Super Kings,Kings XI Punjab,by wickets,field,India,Chennai Super Kings,Chennai Super Kings,Kolkata,Eden Gardens,4/17/11,8,4
Kochi Tuskers,Kolkatta Knight Riders,by wickets,field,India,Kochi Tuskers,Kochi Tuskers,Kochi,Nehru Stadium,4/18/11,7,4
Royal Challengers Bangalore,Rajasthan Royals,by runs,bat,India,Rajasthan Royals,Rajasthan Royals ,Delhi,Feroz Shah Kotla,4/19/11,16,4
Sunrisers Hyderabad,Gujarat Lion,by wickets,bat,India,Gujarat Lion,Sunrisers Hyderabad,Mumbai,Wankhede Stadium,4/20/11,7,4
Chennai Super Kings,Kochi Tuskers,by runs,field,India,Chennai Super Kings,Kochi Tuskers,Kolkata,Eden Gardens,4/20/11,6,4
Delhi Daredevils,Kings XI Punjab,by runs,field,India,Kings XI Punjab,Delhi Daredevils,Chandigarh,"Punjab Cricket Association Stadium, Mohali",4/21/11,48,4
Sunrisers Hyderabad,Kolkatta Knight Riders,by runs,field,India,Kolkatta Knight Riders,Sunrisers Hyderabad,Mumbai,Wankhede Stadium,4/22/11,8,4
Chennai Super Kings,Mumbai Indians,by wickets,field,India,Mumbai Indians,Mumbai Indians,Kolkata,Eden Gardens,4/22/11,9,4
Royal Challengers Bangalore,Delhi Daredevils,by runs,field,India,Delhi Daredevils,Royal Challengers Bangalore,Delhi,Feroz Shah Kotla,4/23/11,29,4
Rajasthan Royals,Sunrisers Hyderabad,by runs,field,India,Rajasthan Royals,Sunrisers Hyderabad,Hyderabad,"Rajiv Gandhi International Stadium, Uppal",4/24/11,37,4
Kings XI Punjab,Kochi Tuskers,by wickets,field,India,Kings XI Punjab,Kings XI Punjab,Jaipur,Sawai Mansingh Stadium,4/24/11,8,4
Kolkatta Knight Riders,Gujarat Lion,by runs,field,India,Gujarat Lion,Kolkatta Knight Riders,Chennai,"MA Chidambaram Stadium, Chepauk",4/25/11,25,4
Royal Challengers Bangalore,Mumbai Indians,by wickets,field,India,Mumbai Indians,Mumbai Indians,Delhi,Feroz Shah Kotla,4/26/11,3,4
Gujarat Lions,Kolkatta Knight Riders,by wickets,bat,India,Gujarat Lion,Kolkatta Knight Riders,Mumbai,Dr DY Patil Sports Academy,4/27/11,8,4
Kochi Tuskers,Rajasthan Royals,by runs,field,India,Kochi Tuskers,Rajasthan Royals ,Kochi,Nehru Stadium,4/27/11,55,4
Royal Challengers Bangalore,Chennai Super Kings,by runs,field,India,Royal Challengers Bangalore,Chennai Super Kings,Delhi,Feroz Shah Kotla,4/28/11,17,4
Kings XI Punjab,Sunrisers Hyderabad,by wickets,field,India,Kings XI Punjab,Kings XI Punjab,Jaipur,Sawai Mansingh Stadium,4/29/11,7,4
Mumbai Indians,Gujarat Lion,by runs,field,India,Gujarat Lion,Mumbai Indians,Bangalore,M Chinnaswamy Stadium,4/29/11,26,4
Kochi Tuskers,Royal Challengers Bangalore,by runs,bat,India,Royal Challengers Bangalore,Royal Challengers Bangalore,Kochi,Nehru Stadium,4/30/11,38,4
Chennai Super Kings,Delhi Daredevils,by wickets,field,India,Chennai Super Kings,Chennai Super Kings,Kolkata,Eden Gardens,4/30/11,8,4
Kings XI Punjab,Gujarat Lion,by wickets,field,India,Kings XI Punjab,Kings XI Punjab,Jaipur,Sawai Mansingh Stadium,5/1/11,6,4
Kolkatta Knight Riders,Rajasthan Royals,by runs,bat,India,Kolkatta Knight Riders,Kolkatta Knight Riders,Chennai,"MA Chidambaram Stadium, Chepauk",5/1/11,19,4
Sunrisers Hyderabad,Delhi Daredevils,by runs,field,India,Delhi Daredevils,Sunrisers Hyderabad,Mumbai,Wankhede Stadium,5/2/11,23,4
Royal Challengers Bangalore,Kochi Tuskers,by wickets,field,India,Kochi Tuskers,Kochi Tuskers,Delhi,Feroz Shah Kotla,5/2/11,7,4
Rajasthan Royals,Chennai Super Kings,by runs,field,India,Rajasthan Royals,Chennai Super Kings,Hyderabad,"Rajiv Gandhi International Stadium, Uppal",5/3/11,20,4
Kolkatta Knight Riders,Kings XI Punjab,by wickets,bat,India,Kings XI Punjab,Kolkatta Knight Riders,Chennai,"MA Chidambaram Stadium, Chepauk",5/4/11,8,4
Gujarat Lions,Sunrisers Hyderabad,by runs,field,India,Gujarat Lion,Sunrisers Hyderabad,Mumbai,Dr DY Patil Sports Academy,5/4/11,21,4
Kochi Tuskers,Chennai Super Kings,by runs,field,India,Chennai Super Kings,Kochi Tuskers,Kochi,Nehru Stadium,5/5/11,17,4
Rajasthan Royals,Royal Challengers Bangalore,by wickets,field,India,Royal Challengers Bangalore,Royal Challengers Bangalore,Hyderabad,"Rajiv Gandhi International Stadium, Uppal",5/5/11,4,4
Mumbai Indians,Delhi Daredevils,by runs,field,India,Delhi Daredevils,Mumbai Indians,Bangalore,M Chinnaswamy Stadium,5/6/11,85,4
Chennai Super Kings,Kolkatta Knight Riders,by runs,bat,India,Kolkatta Knight Riders,Chennai Super Kings,Kolkata,Eden Gardens,5/7/11,10,4
Sunrisers Hyderabad,Royal Challengers Bangalore,by runs,field,India,Royal Challengers Bangalore,Sunrisers Hyderabad,Mumbai,Wankhede Stadium,5/7/11,32,4
Mumbai Indians,Kochi Tuskers,by wickets,bat,India,Kochi Tuskers,Mumbai Indians,Bangalore,M Chinnaswamy Stadium,5/8/11,9,4
Delhi Daredevils,Gujarat Lion,by wickets,bat,India,Delhi Daredevils,Gujarat Lion,Chandigarh,"Punjab Cricket Association Stadium, Mohali",5/8/11,5,4
Kings XI Punjab,Kolkatta Knight Riders,by runs,field,India,Kings XI Punjab,Kolkatta Knight Riders,Jaipur,Sawai Mansingh Stadium,5/9/11,63,4
Rajasthan Royals,Gujarat Lion,by wickets,bat,India,Rajasthan Royals,Gujarat Lion,Hyderabad,"Rajiv Gandhi International Stadium, Uppal",5/10/11,6,4
Delhi Daredevils,Sunrisers Hyderabad,by runs,field,India,Sunrisers Hyderabad,Delhi Daredevils,Chandigarh,"Punjab Cricket Association Stadium, Mohali",5/10/11,76,4
Kings XI Punjab,Mumbai Indians,by wickets,field,India,Mumbai Indians,Mumbai Indians,Jaipur,Sawai Mansingh Stadium,5/11/11,9,4
Kolkatta Knight Riders,Royal Challengers Bangalore,by runs,bat,India,Kolkatta Knight Riders,Kolkatta Knight Riders,Chennai,"MA Chidambaram Stadium, Chepauk",5/12/11,18,4
Kochi Tuskers,Delhi Daredevils,by wickets,field,India,Delhi Daredevils,Delhi Daredevils,Indore,Holkar Cricket Stadium,5/13/11,6,4
Mumbai Indians,Chennai Super Kings,by wickets,field,India,Mumbai Indians,Mumbai Indians,Bangalore,M Chinnaswamy Stadium,5/14/11,4,4
Sunrisers Hyderabad,Rajasthan Royals,by runs,bat,India,Rajasthan Royals,Rajasthan Royals ,Mumbai,Wankhede Stadium,5/14/11,10,4
Delhi Daredevils,Royal Challengers Bangalore,by runs,field,India,Royal Challengers Bangalore,Delhi Daredevils,Dharamsala,Himachal Pradesh Cricket Association Stadium,5/15/11,29,4
Kochi Tuskers,Kings XI Punjab,by wickets,field,India,Kochi Tuskers,Kochi Tuskers,Indore,Holkar Cricket Stadium,5/15/11,8,4
Gujarat Lions,Rajasthan Royals,by wickets,field,India,Rajasthan Royals,Rajasthan Royals ,Mumbai,Dr DY Patil Sports Academy,5/16/11,6,4
Delhi Daredevils,Mumbai Indians,by runs,bat,India,Delhi Daredevils,Delhi Daredevils,Dharamsala,Himachal Pradesh Cricket Association Stadium,5/17/11,111,4
Kolkatta Knight Riders,Kochi Tuskers,by runs,bat,India,Kolkatta Knight Riders,Kolkatta Knight Riders,Chennai,"MA Chidambaram Stadium, Chepauk",5/18/11,11,4
Gujarat Lions,Chennai Super Kings,by wickets,field,India,Chennai Super Kings,Chennai Super Kings,Mumbai,Dr DY Patil Sports Academy,5/19/11,7,4
Sunrisers Hyderabad,Kings XI Punjab,by wickets,bat,India,Sunrisers Hyderabad,Kings XI Punjab,Mumbai,Wankhede Stadium,5/20/11,10,4
Delhi Daredevils,Rajasthan Royals,by runs,field,India,Delhi Daredevils,Rajasthan Royals ,Dharamsala,Himachal Pradesh Cricket Association Stadium,5/21/11,82,4
Mumbai Indians,Kolkatta Knight Riders,by wickets,field,India,Mumbai Indians,Mumbai Indians,Bangalore,M Chinnaswamy Stadium,5/22/11,8,4
Chennai Super Kings,Sunrisers Hyderabad,by wickets,field,India,Sunrisers Hyderabad,Sunrisers Hyderabad,Kolkata,Eden Gardens,5/22/11,5,4
Mumbai Indians,Kolkatta Knight Riders,by wickets,field,India,Kolkatta Knight Riders,Kolkatta Knight Riders,Mumbai,Wankhede Stadium,5/24/11,6,4
Sunrisers Hyderabad,Chennai Super Kings,by wickets,field,India,Sunrisers Hyderabad,Sunrisers Hyderabad,Mumbai,Wankhede Stadium,5/25/11,4,4
Mumbai Indians,Sunrisers Hyderabad,by runs,field,India,Sunrisers Hyderabad,Mumbai Indians,Chennai,"MA Chidambaram Stadium, Chepauk",5/27/11,43,4
Kolkatta Knight Riders,Mumbai Indians,by runs,bat,India,Kolkatta Knight Riders,Kolkatta Knight Riders,Chennai,"MA Chidambaram Stadium, Chepauk",5/28/11,58,4
Kolkatta Knight Riders,Sunrisers Hyderabad,by wickets,field,India,Sunrisers Hyderabad,Sunrisers Hyderabad,Chennai,"MA Chidambaram Stadium, Chepauk",4/4/12,8,5
Chennai Super Kings,Royal Challengers Bangalore,by wickets,field,India,Royal Challengers Bangalore,Royal Challengers Bangalore,Kolkata,Eden Gardens,4/5/12,8,5
Sunrisers Hyderabad,Gujarat Lion,by runs,field,India,Sunrisers Hyderabad,Gujarat Lion,Mumbai,Wankhede Stadium,4/6/12,28,5
Kings XI Punjab,Delhi Daredevils,by runs,field,India,Delhi Daredevils,Kings XI Punjab,Jaipur,Sawai Mansingh Stadium,4/6/12,31,5
Mumbai Indians,Royal Challengers Bangalore,by runs,field,India,Royal Challengers Bangalore,Mumbai Indians,Bangalore,M Chinnaswamy Stadium,4/7/12,20,5
Rajasthan Royals,Kolkatta Knight Riders,by runs,field,India,Rajasthan Royals,Kolkatta Knight Riders,Visakhapatnam,Dr. Y.S. Rajasekhara Reddy ACA-VDCA Cricket Stadium,4/7/12,74,5
Kings XI Punjab,Chennai Super Kings,by runs,field,India,Chennai Super Kings,Kings XI Punjab,Jaipur,Sawai Mansingh Stadium,4/8/12,22,5
Gujarat Lions,Delhi Daredevils,by runs,bat,India,Gujarat Lion,Gujarat Lion,Pune,Subrata Roy Sahara Stadium,4/8/12,22,5
Rajasthan Royals,Sunrisers Hyderabad,by wickets,bat,India,Rajasthan Royals,Sunrisers Hyderabad,Visakhapatnam,Dr. Y.S. Rajasekhara Reddy ACA-VDCA Cricket Stadium,4/9/12,5,5
Mumbai Indians,Chennai Super Kings,by runs,field,India,Mumbai Indians,Chennai Super Kings,Bangalore,M Chinnaswamy Stadium,4/10/12,42,5
Royal Challengers Bangalore,Kolkatta Knight Riders,by wickets,field,India,Royal Challengers Bangalore,Royal Challengers Bangalore,Delhi,Feroz Shah Kotla,4/10/12,8,5
Sunrisers Hyderabad,Kings XI Punjab,by runs,field,India,Kings XI Punjab,Sunrisers Hyderabad,Mumbai,Wankhede Stadium,4/11/12,27,5
Kolkatta Knight Riders,Mumbai Indians,by wickets,bat,India,Mumbai Indians,Kolkatta Knight Riders,Chennai,"MA Chidambaram Stadium, Chepauk",4/12/12,5,5
Delhi Daredevils,Gujarat Lion,by wickets,field,India,Delhi Daredevils,Delhi Daredevils,Chandigarh,"Punjab Cricket Association Stadium, Mohali",4/12/12,7,5
Chennai Super Kings,Kings XI Punjab,by wickets,bat,India,Kings XI Punjab,Chennai Super Kings,Kolkata,Eden Gardens,4/13/12,5,5
Royal Challengers Bangalore,Rajasthan Royals,by wickets,bat,India,Rajasthan Royals,Royal Challengers Bangalore,Delhi,Feroz Shah Kotla,4/19/12,5,5
Gujarat Lions,Kolkatta Knight Riders,by wickets,bat,India,Kolkatta Knight Riders,Gujarat Lion,Pune,Subrata Roy Sahara Stadium,4/14/12,7,5
Chennai Super Kings,Delhi Daredevils,by runs,field,India,Chennai Super Kings,Delhi Daredevils,Kolkata,Eden Gardens,4/15/12,2,5
Mumbai Indians,Kings XI Punjab,by runs,bat,India,Kings XI Punjab,Kings XI Punjab,Bangalore,M Chinnaswamy Stadium,4/15/12,59,5
Sunrisers Hyderabad,Royal Challengers Bangalore,by wickets,field,India,Royal Challengers Bangalore,Royal Challengers Bangalore,Mumbai,Wankhede Stadium,4/16/12,7,5
Kings XI Punjab,Rajasthan Royals,by wickets,bat,India,Rajasthan Royals,Kings XI Punjab,Jaipur,Sawai Mansingh Stadium,4/17/12,5,5
Mumbai Indians,Gujarat Lion,by wickets,bat,India,Gujarat Lion,Mumbai Indians,Bangalore,M Chinnaswamy Stadium,4/17/12,6,5
Delhi Daredevils,Chennai Super Kings,by wickets,bat,India,Delhi Daredevils,Chennai Super Kings,Chandigarh,"Punjab Cricket Association Stadium, Mohali",4/18/12,8,5
Rajasthan Royals,Royal Challengers Bangalore,by wickets,bat,India,Rajasthan Royals,Royal Challengers Bangalore,Hyderabad,"Rajiv Gandhi International Stadium, Uppal",5/10/12,9,5
Kolkatta Knight Riders,Gujarat Lion,by runs,field,India,Gujarat Lion,Kolkatta Knight Riders,Chennai,"MA Chidambaram Stadium, Chepauk",4/19/12,13,5
Delhi Daredevils,Mumbai Indians,by wickets,field,India,Mumbai Indians,Mumbai Indians,Chandigarh,"Punjab Cricket Association Stadium, Mohali",4/20/12,5,5
Kolkatta Knight Riders,Kings XI Punjab,by wickets,bat,India,Kings XI Punjab,Kolkatta Knight Riders,Chennai,"MA Chidambaram Stadium, Chepauk",4/21/12,7,5
Royal Challengers Bangalore,Gujarat Lion,by runs,field,India,Royal Challengers Bangalore,Gujarat Lion,Delhi,Feroz Shah Kotla,4/21/12,20,5
Sunrisers Hyderabad,Delhi Daredevils,by wickets,bat,India,Sunrisers Hyderabad,Delhi Daredevils,Mumbai,Wankhede Stadium,4/22/12,6,5
Rajasthan Royals,Chennai Super Kings,by wickets,field,India,Chennai Super Kings,Chennai Super Kings,Cuttack,Barabati Stadium,4/22/12,5,5
Kings XI Punjab,Mumbai Indians,by runs,field,India,Kings XI Punjab,Mumbai Indians,Jaipur,Sawai Mansingh Stadium,4/23/12,46,5
Gujarat Lions,Royal Challengers Bangalore,by wickets,bat,India,Gujarat Lion,Royal Challengers Bangalore,Pune,Subrata Roy Sahara Stadium,4/24/12,8,5
Delhi Daredevils,Sunrisers Hyderabad,by wickets,bat,India,Delhi Daredevils,Sunrisers Hyderabad,Chandigarh,"Punjab Cricket Association Stadium, Mohali",4/25/12,4,5
Gujarat Lions,Rajasthan Royals,by runs,bat,India,Rajasthan Royals,Rajasthan Royals ,Pune,Subrata Roy Sahara Stadium,4/26/12,18,5
Royal Challengers Bangalore,Sunrisers Hyderabad,by runs,field,India,Sunrisers Hyderabad,Royal Challengers Bangalore,Delhi,Feroz Shah Kotla,4/27/12,37,5
Kolkatta Knight Riders,Delhi Daredevils,by runs,bat,India,Delhi Daredevils,Delhi Daredevils,Chennai,"MA Chidambaram Stadium, Chepauk",4/28/12,7,5
Chennai Super Kings,Mumbai Indians,by runs,bat,India,Chennai Super Kings,Chennai Super Kings,Kolkata,Eden Gardens,4/28/12,47,5
Royal Challengers Bangalore,Kings XI Punjab,by runs,bat,India,Royal Challengers Bangalore,Royal Challengers Bangalore,Delhi,Feroz Shah Kotla,4/29/12,1,5
Sunrisers Hyderabad,Rajasthan Royals,by wickets,field,India,Sunrisers Hyderabad,Sunrisers Hyderabad,Mumbai,Wankhede Stadium,4/29/12,5,5
Kolkatta Knight Riders,Chennai Super Kings,by wickets,bat,India,Kolkatta Knight Riders,Chennai Super Kings,Chennai,"MA Chidambaram Stadium, Chepauk",4/30/12,5,5
Rajasthan Royals,Gujarat Lion,by runs,bat,India,Rajasthan Royals,Rajasthan Royals ,Cuttack,Barabati Stadium,5/1/12,13,5
Kings XI Punjab,Royal Challengers Bangalore,by wickets,bat,India,Kings XI Punjab,Royal Challengers Bangalore,Jaipur,Sawai Mansingh Stadium,5/1/12,6,5
Mumbai Indians,Delhi Daredevils,by wickets,field,India,Delhi Daredevils,Delhi Daredevils,Bangalore,M Chinnaswamy Stadium,5/2/12,4,5
Gujarat Lions,Sunrisers Hyderabad,by runs,bat,India,Sunrisers Hyderabad,Sunrisers Hyderabad,Pune,Subrata Roy Sahara Stadium,5/3/12,1,5
Kolkatta Knight Riders,Rajasthan Royals,by runs,bat,India,Kolkatta Knight Riders,Kolkatta Knight Riders,Chennai,"MA Chidambaram Stadium, Chepauk",5/4/12,10,5
Chennai Super Kings,Gujarat Lion,by runs,bat,India,Chennai Super Kings,Chennai Super Kings,Kolkata,Eden Gardens,5/5/12,7,5
Delhi Daredevils,Kings XI Punjab,by runs,bat,India,Kings XI Punjab,Kings XI Punjab,Chandigarh,"Punjab Cricket Association Stadium, Mohali",5/5/12,43,5
Sunrisers Hyderabad,Kolkatta Knight Riders,by wickets,field,India,Sunrisers Hyderabad,Sunrisers Hyderabad,Mumbai,Wankhede Stadium,5/6/12,2,5
Mumbai Indians,Rajasthan Royals,by wickets,field,India,Mumbai Indians,Mumbai Indians,Bangalore,M Chinnaswamy Stadium,5/6/12,5,5
Royal Challengers Bangalore,Chennai Super Kings,by wickets,bat,India,Royal Challengers Bangalore,Chennai Super Kings,Delhi,Feroz Shah Kotla,5/7/12,6,5
Gujarat Lions,Kings XI Punjab,by wickets,bat,India,Gujarat Lion,Kings XI Punjab,Pune,Subrata Roy Sahara Stadium,5/8/12,7,5
Rajasthan Royals,Delhi Daredevils,by runs,field,India,Rajasthan Royals,Delhi Daredevils,Hyderabad,"Rajiv Gandhi International Stadium, Uppal",5/8/12,25,5
Sunrisers Hyderabad,Mumbai Indians,by wickets,field,India,Mumbai Indians,Mumbai Indians,Mumbai,Wankhede Stadium,5/9/12,9,5
Kings XI Punjab,Kolkatta Knight Riders,by wickets,field,India,Kolkatta Knight Riders,Kolkatta Knight Riders,Jaipur,Sawai Mansingh Stadium,5/10/12,4,5
Gujarat Lions,Mumbai Indians,by runs,field,India,Gujarat Lion,Mumbai Indians,Pune,Subrata Roy Sahara Stadium,5/11/12,35,5
Chennai Super Kings,Sunrisers Hyderabad,by runs,bat,India,Sunrisers Hyderabad,Sunrisers Hyderabad,Kolkata,Eden Gardens,5/12/12,27,5
Kolkatta Knight Riders,Royal Challengers Bangalore,by wickets,field,India,Kolkatta Knight Riders,Kolkatta Knight Riders,Chennai,"MA Chidambaram Stadium, Chepauk",5/12/12,9,5
Kings XI Punjab,Gujarat Lion,by runs,bat,India,Kings XI Punjab,Kings XI Punjab,Jaipur,Sawai Mansingh Stadium,5/13/12,45,5
Delhi Daredevils,Rajasthan Royals,by wickets,bat,India,Rajasthan Royals,Delhi Daredevils,Chandigarh,"Punjab Cricket Association Stadium, Mohali",5/13/12,4,5
Mumbai Indians,Sunrisers Hyderabad,by wickets,field,India,Sunrisers Hyderabad,Sunrisers Hyderabad,Bangalore,M Chinnaswamy Stadium,5/14/12,5,5
Chennai Super Kings,Kolkatta Knight Riders,by wickets,field,India,Kolkatta Knight Riders,Kolkatta Knight Riders,Kolkata,Eden Gardens,5/14/12,5,5
Royal Challengers Bangalore,Delhi Daredevils,by wickets,bat,India,Delhi Daredevils,Royal Challengers Bangalore,Delhi,Feroz Shah Kotla,5/15/12,5,5
Sunrisers Hyderabad,Chennai Super Kings,by runs,field,India,Sunrisers Hyderabad,Chennai Super Kings,Mumbai,Wankhede Stadium,5/16/12,32,5
Delhi Daredevils,Kolkatta Knight Riders,by wickets,field,India,Delhi Daredevils,Delhi Daredevils,Dharamsala,Himachal Pradesh Cricket Association Stadium,5/17/12,6,5
Royal Challengers Bangalore,Mumbai Indians,by runs,field,India,Royal Challengers Bangalore,Mumbai Indians,Delhi,Feroz Shah Kotla,5/17/12,21,5
Rajasthan Royals,Kings XI Punjab,by wickets,bat,India,Kings XI Punjab,Rajasthan Royals ,Hyderabad,"Rajiv Gandhi International Stadium, Uppal",5/18/12,5,5
Delhi Daredevils,Royal Challengers Bangalore,by wickets,field,India,Royal Challengers Bangalore,Royal Challengers Bangalore,Dharamsala,Himachal Pradesh Cricket Association Stadium,5/19/12,6,5
Gujarat Lions,Chennai Super Kings,by runs,bat,India,Chennai Super Kings,Chennai Super Kings,Pune,Subrata Roy Sahara Stadium,5/19/12,34,5
Rajasthan Royals,Mumbai Indians,by runs,field,India,Mumbai Indians,Rajasthan Royals ,Hyderabad,"Rajiv Gandhi International Stadium, Uppal",5/20/12,9,5
Kings XI Punjab,Sunrisers Hyderabad,by wickets,bat,India,Kings XI Punjab,Sunrisers Hyderabad,Jaipur,Sawai Mansingh Stadium,5/20/12,10,5
Royal Challengers Bangalore,Chennai Super Kings,by runs,bat,India,Chennai Super Kings,Chennai Super Kings,Pune,Subrata Roy Sahara Stadium,5/22/12,18,5
Kolkatta Knight Riders,Sunrisers Hyderabad,by runs,field,India,Sunrisers Hyderabad,Kolkatta Knight Riders,Bangalore,M Chinnaswamy Stadium,5/23/12,38,5
Royal Challengers Bangalore,Kolkatta Knight Riders,by runs,field,India,Royal Challengers Bangalore,Kolkatta Knight Riders,Chennai,"MA Chidambaram Stadium, Chepauk",5/25/12,86,5
Chennai Super Kings,Kolkatta Knight Riders,by wickets,bat,India,Kolkatta Knight Riders,Chennai Super Kings,Chennai,"MA Chidambaram Stadium, Chepauk",5/27/12,5,5
Chennai Super Kings,Royal Challengers Bangalore,by wickets,field,India,Chennai Super Kings,Chennai Super Kings,Kolkata,Eden Gardens,4/3/13,6,6
Mumbai Indians,Sunrisers Hyderabad,by runs,field,India,Sunrisers Hyderabad,Mumbai Indians,Bangalore,M Chinnaswamy Stadium,4/4/13,2,6
Rising Pune Super Giants,Gujarat Lion,by runs,field,India,Gujarat Lion,Rising Pune Super Giants,Hyderabad,"Rajiv Gandhi International Stadium, Uppal",4/5/13,22,6
Royal Challengers Bangalore,Kings XI Punjab,by runs,bat,India,Kings XI Punjab,Kings XI Punjab,Delhi,Feroz Shah Kotla,4/6/13,5,6
Kolkatta Knight Riders,Sunrisers Hyderabad,by runs,bat,India,Sunrisers Hyderabad,Sunrisers Hyderabad,Chennai,"MA Chidambaram Stadium, Chepauk",4/6/13,9,6
Gujarat Lions,Delhi Daredevils,by wickets,bat,India,Gujarat Lion,Delhi Daredevils,Pune,Subrata Roy Sahara Stadium,4/7/13,8,6
Kings XI Punjab,Chennai Super Kings,by runs,field,India,Chennai Super Kings,Kings XI Punjab,Jaipur,Sawai Mansingh Stadium,4/8/13,19,6
Sunrisers Hyderabad,Royal Challengers Bangalore,by runs,bat,India,Sunrisers Hyderabad,Sunrisers Hyderabad,Mumbai,Wankhede Stadium,4/9/13,44,6
Delhi Daredevils,Kolkatta Knight Riders,by wickets,field,India,Kolkatta Knight Riders,Kolkatta Knight Riders,Chandigarh,"Punjab Cricket Association Stadium, Mohali",4/10/13,10,6
Mumbai Indians,Chennai Super Kings,by wickets,field,India,Mumbai Indians,Mumbai Indians,Bangalore,M Chinnaswamy Stadium,4/11/13,8,6
Gujarat Lions,Kings XI Punjab,by wickets,bat,India,Kings XI Punjab,Gujarat Lion,Pune,Subrata Roy Sahara Stadium,4/11/13,7,6
Royal Challengers Bangalore,Rising Pune Super Giants,by wickets,bat,India,Royal Challengers Bangalore,Rising Pune Super Giants,Delhi,Feroz Shah Kotla,4/12/13,3,6
Sunrisers Hyderabad,Gujarat Lion,by runs,bat,India,Sunrisers Hyderabad,Sunrisers Hyderabad,Mumbai,Wankhede Stadium,4/13/13,41,6
Kolkatta Knight Riders,Mumbai Indians,by wickets,field,India,Kolkatta Knight Riders,Kolkatta Knight Riders,Chennai,"MA Chidambaram Stadium, Chepauk",4/13/13,4,6
Chennai Super Kings,Rising Pune Super Giants,by runs,bat,India,Chennai Super Kings,Chennai Super Kings,Kolkata,Eden Gardens,4/14/13,48,6
Kings XI Punjab,Delhi Daredevils,by wickets,field,India,Kings XI Punjab,Kings XI Punjab,Jaipur,Sawai Mansingh Stadium,4/14/13,6,6
Kolkatta Knight Riders,Gujarat Lion,by runs,bat,India,Gujarat Lion,Gujarat Lion,Chennai,"MA Chidambaram Stadium, Chepauk",4/15/13,24,6
Delhi Daredevils,Chennai Super Kings,by runs,field,India,Chennai Super Kings,Delhi Daredevils,Chandigarh,"Punjab Cricket Association Stadium, Mohali",4/16/13,4,6
Gujarat Lions,Rising Pune Super Giants,by runs,field,India,Gujarat Lion,Rising Pune Super Giants,Pune,Subrata Roy Sahara Stadium,4/17/13,11,6
Kings XI Punjab,Sunrisers Hyderabad,by runs,bat,India,Kings XI Punjab,Kings XI Punjab,Jaipur,Sawai Mansingh Stadium,4/17/13,87,6
Royal Challengers Bangalore,Kolkatta Knight Riders,by runs,bat,India,Kolkatta Knight Riders,Kolkatta Knight Riders,Delhi,Feroz Shah Kotla,4/18/13,86,6
Rising Pune Super Giants,Delhi Daredevils,by wickets,bat,India,Delhi Daredevils,Rising Pune Super Giants,Hyderabad,"Rajiv Gandhi International Stadium, Uppal",4/19/13,5,6
Chennai Super Kings,Kolkatta Knight Riders,by wickets,bat,India,Chennai Super Kings,Kolkatta Knight Riders,Kolkata,Eden Gardens,4/20/13,4,6
Mumbai Indians,Kings XI Punjab,by wickets,field,India,Mumbai Indians,Mumbai Indians,Bangalore,M Chinnaswamy Stadium,4/20/13,7,6
Royal Challengers Bangalore,Sunrisers Hyderabad,by wickets,bat,India,Sunrisers Hyderabad,Royal Challengers Bangalore,Delhi,Feroz Shah Kotla,4/21/13,9,6
Delhi Daredevils,Gujarat Lion,by wickets,field,India,Delhi Daredevils,Delhi Daredevils,Chandigarh,"Punjab Cricket Association Stadium, Mohali",4/21/13,7,6
Kolkatta Knight Riders,Kings XI Punjab,by wickets,bat,India,Kings XI Punjab,Kolkatta Knight Riders,Chennai,"MA Chidambaram Stadium, Chepauk",4/22/13,5,6
Mumbai Indians,Gujarat Lion,by runs,field,India,Gujarat Lion,Mumbai Indians,Bangalore,M Chinnaswamy Stadium,4/23/13,130,6
Delhi Daredevils,Royal Challengers Bangalore,by runs,field,India,Royal Challengers Bangalore,Delhi Daredevils,Dharamsala,Himachal Pradesh Cricket Association Stadium,5/16/13,7,6
Chennai Super Kings,Sunrisers Hyderabad,by wickets,bat,India,Chennai Super Kings,Sunrisers Hyderabad,Kolkata,Eden Gardens,4/24/13,5,6
Kolkatta Knight Riders,Rising Pune Super Giants,by wickets,bat,India,Rising Pune Super Giants,Kolkatta Knight Riders,Chennai,"MA Chidambaram Stadium, Chepauk",4/25/13,5,6
Chennai Super Kings,Delhi Daredevils,by wickets,bat,India,Delhi Daredevils,Chennai Super Kings,Kolkata,Eden Gardens,4/26/13,6,6
Kings XI Punjab,Rising Pune Super Giants,by wickets,bat,India,Rising Pune Super Giants,Kings XI Punjab,Jaipur,Sawai Mansingh Stadium,4/27/13,8,6
Sunrisers Hyderabad,Mumbai Indians,by runs,bat,India,Sunrisers Hyderabad,Sunrisers Hyderabad,Mumbai,Wankhede Stadium,4/27/13,58,6
Kolkatta Knight Riders,Chennai Super Kings,by runs,field,India,Chennai Super Kings,Kolkatta Knight Riders,Chennai,"MA Chidambaram Stadium, Chepauk",4/28/13,14,6
Royal Challengers Bangalore,Gujarat Lion,by runs,field,India,Gujarat Lion,Royal Challengers Bangalore,Raipur,Shaheed Veer Narayan Singh International Stadium,4/28/13,15,6
Kings XI Punjab,Mumbai Indians,by wickets,field,India,Kings XI Punjab,Kings XI Punjab,Jaipur,Sawai Mansingh Stadium,4/29/13,4,6
Sunrisers Hyderabad,Delhi Daredevils,by runs,bat,India,Sunrisers Hyderabad,Sunrisers Hyderabad,Mumbai,Wankhede Stadium,4/29/13,4,6
Gujarat Lions,Kolkatta Knight Riders,by runs,bat,India,Kolkatta Knight Riders,Kolkatta Knight Riders,Pune,Subrata Roy Sahara Stadium,4/30/13,37,6
Rising Pune Super Giants,Sunrisers Hyderabad,by wickets,bat,India,Sunrisers Hyderabad,Rising Pune Super Giants,Hyderabad,"Rajiv Gandhi International Stadium, Uppal",5/1/13,7,6
Royal Challengers Bangalore,Chennai Super Kings,by wickets,bat,India,Chennai Super Kings,Royal Challengers Bangalore,Raipur,Shaheed Veer Narayan Singh International Stadium,5/1/13,7,6
Kolkatta Knight Riders,Delhi Daredevils,by runs,bat,India,Kolkatta Knight Riders,Kolkatta Knight Riders,Chennai,"MA Chidambaram Stadium, Chepauk",5/2/13,15,6
Gujarat Lions,Mumbai Indians,by runs,bat,India,Mumbai Indians,Mumbai Indians,Pune,Subrata Roy Sahara Stadium,5/2/13,17,6
Chennai Super Kings,Kings XI Punjab,by wickets,bat,India,Kings XI Punjab,Chennai Super Kings,Kolkata,Eden Gardens,5/3/13,8,6
Rising Pune Super Giants,Royal Challengers Bangalore,by wickets,bat,India,Royal Challengers Bangalore,Rising Pune Super Giants,Hyderabad,"Rajiv Gandhi International Stadium, Uppal",5/4/13,6,6
Mumbai Indians,Delhi Daredevils,by wickets,field,India,Delhi Daredevils,Delhi Daredevils,Bangalore,M Chinnaswamy Stadium,5/14/13,7,6
Sunrisers Hyderabad,Kolkatta Knight Riders,by runs,bat,India,Sunrisers Hyderabad,Sunrisers Hyderabad,Mumbai,Wankhede Stadium,5/5/13,60,6
Kings XI Punjab,Gujarat Lion,by wickets,bat,India,Gujarat Lion,Kings XI Punjab,Jaipur,Sawai Mansingh Stadium,5/5/13,5,6
Mumbai Indians,Rising Pune Super Giants,by wickets,bat,India,Rising Pune Super Giants,Mumbai Indians,Bangalore,M Chinnaswamy Stadium,4/9/13,7,6
Kings XI Punjab,Royal Challengers Bangalore,by wickets,bat,India,Royal Challengers Bangalore,Kings XI Punjab,Jaipur,Sawai Mansingh Stadium,5/7/13,9,6
Sunrisers Hyderabad,Chennai Super Kings,by runs,bat,India,Sunrisers Hyderabad,Sunrisers Hyderabad,Mumbai,Wankhede Stadium,5/7/13,65,6
Rising Pune Super Giants,Kolkatta Knight Riders,by runs,field,India,Rising Pune Super Giants,Kolkatta Knight Riders,Hyderabad,"Rajiv Gandhi International Stadium, Uppal",5/8/13,77,6
Delhi Daredevils,Kings XI Punjab,by wickets,field,India,Kings XI Punjab,Kings XI Punjab,Chandigarh,"Punjab Cricket Association Stadium, Mohali",5/9/13,8,6
Gujarat Lions,Chennai Super Kings,by runs,bat,India,Chennai Super Kings,Chennai Super Kings,Pune,Subrata Roy Sahara Stadium,5/9/13,46,6
Royal Challengers Bangalore,Mumbai Indians,by runs,field,India,Royal Challengers Bangalore,Mumbai Indians,Delhi,Feroz Shah Kotla,5/10/13,4,6
Gujarat Lions,Sunrisers Hyderabad,by wickets,bat,India,Gujarat Lion,Sunrisers Hyderabad,Pune,Subrata Roy Sahara Stadium,5/11/13,5,6
Delhi Daredevils,Rising Pune Super Giants,by runs,field,India,Delhi Daredevils,Rising Pune Super Giants,Chandigarh,"Punjab Cricket Association Stadium, Mohali",5/11/13,30,6
Chennai Super Kings,Mumbai Indians,by wickets,field,India,Chennai Super Kings,Chennai Super Kings,Ranchi,JSCA International Stadium Complex,5/12/13,5,6
Kings XI Punjab,Kolkatta Knight Riders,by wickets,field,India,Kings XI Punjab,Kings XI Punjab,Jaipur,Sawai Mansingh Stadium,5/12/13,5,6
Royal Challengers Bangalore,Delhi Daredevils,by wickets,field,India,Delhi Daredevils,Delhi Daredevils,Delhi,Feroz Shah Kotla,4/23/13,5,6
Sunrisers Hyderabad,Rising Pune Super Giants,by wickets,bat,India,Rising Pune Super Giants,Sunrisers Hyderabad,Mumbai,Wankhede Stadium,5/13/13,7,6
Chennai Super Kings,Gujarat Lion,by runs,field,India,Chennai Super Kings,Gujarat Lion,Ranchi,JSCA International Stadium Complex,5/15/13,7,6
Kolkatta Knight Riders,Royal Challengers Bangalore,by runs,bat,India,Kolkatta Knight Riders,Kolkatta Knight Riders,Chennai,"MA Chidambaram Stadium, Chepauk",5/14/13,33,6
Sunrisers Hyderabad,Kings XI Punjab,by runs,field,India,Kings XI Punjab,Sunrisers Hyderabad,Mumbai,Wankhede Stadium,5/15/13,14,6
Delhi Daredevils,Mumbai Indians,by wickets,field,India,Delhi Daredevils,Delhi Daredevils,Chandigarh,"Punjab Cricket Association Stadium, Mohali",5/6/13,6,6
Rising Pune Super Giants,Kings XI Punjab,by runs,bat,India,Rising Pune Super Giants,Rising Pune Super Giants,Hyderabad,"Rajiv Gandhi International Stadium, Uppal",5/17/13,23,6
Delhi Daredevils,Sunrisers Hyderabad,by runs,field,India,Sunrisers Hyderabad,Delhi Daredevils,Dharamsala,Himachal Pradesh Cricket Association Stadium,5/18/13,50,6
Gujarat Lions,Royal Challengers Bangalore,by runs,bat,India,Gujarat Lion,Gujarat Lion,Pune,Subrata Roy Sahara Stadium,5/19/13,38,6
Mumbai Indians,Kolkatta Knight Riders,by runs,field,India,Kolkatta Knight Riders,Mumbai Indians,Bangalore,M Chinnaswamy Stadium,5/18/13,24,6
Rising Pune Super Giants,Chennai Super Kings,by wickets,bat,India,Chennai Super Kings,Rising Pune Super Giants,Hyderabad,"Rajiv Gandhi International Stadium, Uppal",5/19/13,5,6
Kolkatta Knight Riders,Sunrisers Hyderabad,by runs,bat,India,Kolkatta Knight Riders,Kolkatta Knight Riders,Delhi,Feroz Shah Kotla,5/21/13,48,6
Kings XI Punjab,Rising Pune Super Giants,by wickets,bat,India,Rising Pune Super Giants,Kings XI Punjab,Delhi,Feroz Shah Kotla,5/22/13,4,6
Sunrisers Hyderabad,Kings XI Punjab,by wickets,bat,India,Kings XI Punjab,Sunrisers Hyderabad,Kolkata,Eden Gardens,5/24/13,4,6
Kolkatta Knight Riders,Sunrisers Hyderabad,by runs,bat,India,Sunrisers Hyderabad,Sunrisers Hyderabad,Kolkata,Eden Gardens,5/26/13,23,6
Sunrisers Hyderabad,Chennai Super Kings,by runs,bat,U.A.E,Chennai Super Kings,Chennai Super Kings,Abu Dhabi,Sheikh Zayed Stadium,4/16/14,41,7
Royal Challengers Bangalore,Mumbai Indians,by wickets,field,U.A.E,Mumbai Indians,Mumbai Indians,Abu Dhabi,Sharjah Cricket Stadium,4/17/14,8,7
Kolkatta Knight Riders,Delhi Daredevils,by wickets,bat,U.A.E,Kolkatta Knight Riders,Delhi Daredevils,Abu Dhabi,Sheikh Zayed Stadium,4/18/14,6,7
Rising Pune Super Giants,Kings XI Punjab,by wickets,field,U.A.E,Kings XI Punjab,Kings XI Punjab,Abu Dhabi,Sheikh Zayed Stadium,4/18/14,4,7
Mumbai Indians,Sunrisers Hyderabad,by wickets,field,U.A.E,Mumbai Indians,Mumbai Indians,Abu Dhabi,Dubai International Cricket Stadium,4/19/14,7,7
Chennai Super Kings,Royal Challengers Bangalore,by wickets,bat,U.A.E,Chennai Super Kings,Royal Challengers Bangalore,Abu Dhabi,Dubai International Cricket Stadium,4/19/14,4,7
Kings XI Punjab,Delhi Daredevils,by wickets,field,U.A.E,Delhi Daredevils,Delhi Daredevils,Abu Dhabi,Sharjah Cricket Stadium,4/20/14,7,7
Kolkatta Knight Riders,Royal Challengers Bangalore,by runs,bat,U.A.E,Kolkatta Knight Riders,Kolkatta Knight Riders,Abu Dhabi,Sheikh Zayed Stadium,4/21/14,93,7
Delhi Daredevils,Rising Pune Super Giants,by runs,field,U.A.E,Rising Pune Super Giants,Delhi Daredevils,Abu Dhabi,Sharjah Cricket Stadium,4/22/14,72,7
Kings XI Punjab,Kolkatta Knight Riders,by runs,field,U.A.E,Kings XI Punjab,Kolkatta Knight Riders,Abu Dhabi,Dubai International Cricket Stadium,4/23/14,7,7
Mumbai Indians,Chennai Super Kings,by runs,field,U.A.E,Mumbai Indians,Chennai Super Kings,Abu Dhabi,Sharjah Cricket Stadium,4/24/14,2,7
Rising Pune Super Giants,Royal Challengers Bangalore,by runs,bat,U.A.E,Rising Pune Super Giants,Rising Pune Super Giants,Abu Dhabi,Dubai International Cricket Stadium,4/25/14,4,7
Kolkatta Knight Riders,Sunrisers Hyderabad,by wickets,bat,U.A.E,Sunrisers Hyderabad,Kolkatta Knight Riders,Abu Dhabi,Dubai International Cricket Stadium,4/25/14,7,7
Kings XI Punjab,Mumbai Indians,by wickets,field,U.A.E,Kings XI Punjab,Kings XI Punjab,Abu Dhabi,Sheikh Zayed Stadium,4/26/14,6,7
Chennai Super Kings,Delhi Daredevils,by runs,field,U.A.E,Chennai Super Kings,Delhi Daredevils,Abu Dhabi,Sheikh Zayed Stadium,4/26/14,23,7
Royal Challengers Bangalore,Sunrisers Hyderabad,by wickets,bat,U.A.E,Sunrisers Hyderabad,Royal Challengers Bangalore,Abu Dhabi,Sharjah Cricket Stadium,4/27/14,6,7
Rising Pune Super Giants,Kolkatta Knight Riders,by wickets,bat,U.A.E,Rising Pune Super Giants,Kolkatta Knight Riders,Abu Dhabi,Sharjah Cricket Stadium,4/27/14,5,7
Delhi Daredevils,Mumbai Indians,by wickets,field,U.A.E,Delhi Daredevils,Delhi Daredevils,Abu Dhabi,Dubai International Cricket Stadium,4/28/14,5,7
Sunrisers Hyderabad,Rising Pune Super Giants,by runs,field,U.A.E,Sunrisers Hyderabad,Rising Pune Super Giants,Abu Dhabi,Dubai International Cricket Stadium,4/30/14,15,7
Kolkatta Knight Riders,Chennai Super Kings,by runs,bat,India,Kolkatta Knight Riders,Kolkatta Knight Riders,Ranchi,JSCA International Stadium Complex,5/2/14,34,7
Sunrisers Hyderabad,Delhi Daredevils,by wickets,bat,India,Delhi Daredevils,Sunrisers Hyderabad,Mumbai,Wankhede Stadium,5/3/14,5,7
Royal Challengers Bangalore,Kings XI Punjab,by wickets,field,India,Kings XI Punjab,Kings XI Punjab,Delhi,Feroz Shah Kotla,5/3/14,7,7
Mumbai Indians,Rising Pune Super Giants,by wickets,field,India,Mumbai Indians,Mumbai Indians,Bangalore,M Chinnaswamy Stadium,5/4/14,4,7
Kings XI Punjab,Chennai Super Kings,by runs,field,India,Chennai Super Kings,Kings XI Punjab,Ahmedabad,"Sardar Patel Stadium, Motera",5/5/14,10,7
Royal Challengers Bangalore,Kolkatta Knight Riders,by wickets,field,India,Kolkatta Knight Riders,Kolkatta Knight Riders,Delhi,Feroz Shah Kotla,5/5/14,8,7
Sunrisers Hyderabad,Mumbai Indians,by runs,field,India,Mumbai Indians,Sunrisers Hyderabad,Mumbai,Wankhede Stadium,5/6/14,19,7
Royal Challengers Bangalore,Chennai Super Kings,by wickets,bat,India,Royal Challengers Bangalore,Chennai Super Kings,Delhi,Feroz Shah Kotla,5/7/14,8,7
Delhi Daredevils,Kolkatta Knight Riders,by runs,field,India,Kolkatta Knight Riders,Delhi Daredevils,Cuttack,Barabati Stadium,5/7/14,44,7
Kings XI Punjab,Rising Pune Super Giants,by runs,field,India,Kings XI Punjab,Rising Pune Super Giants,Ahmedabad,"Sardar Patel Stadium, Motera",5/8/14,32,7
Mumbai Indians,Delhi Daredevils,by runs,field,India,Mumbai Indians,Delhi Daredevils,Bangalore,M Chinnaswamy Stadium,5/9/14,32,7
Royal Challengers Bangalore,Rising Pune Super Giants,by wickets,field,India,Rising Pune Super Giants,Rising Pune Super Giants,Delhi,Feroz Shah Kotla,5/10/14,8,7
Sunrisers Hyderabad,Kolkatta Knight Riders,by wickets,field,India,Kolkatta Knight Riders,Kolkatta Knight Riders,Mumbai,Wankhede Stadium,5/10/14,4,7
Delhi Daredevils,Chennai Super Kings,by wickets,field,India,Chennai Super Kings,Chennai Super Kings,Cuttack,Barabati Stadium,5/11/14,9,7
Mumbai Indians,Kings XI Punjab,by wickets,bat,India,Mumbai Indians,Kings XI Punjab,Bangalore,M Chinnaswamy Stadium,5/11/14,5,7
Rising Pune Super Giants,Sunrisers Hyderabad,by wickets,bat,India,Rising Pune Super Giants,Sunrisers Hyderabad,Hyderabad,"Rajiv Gandhi International Stadium, Uppal",5/12/14,7,7
Kolkatta Knight Riders,Kings XI Punjab,by wickets,bat,India,Kings XI Punjab,Kolkatta Knight Riders,Ranchi,JSCA International Stadium Complex,5/13/14,5,7
Mumbai Indians,Royal Challengers Bangalore,by runs,field,India,Royal Challengers Bangalore,Mumbai Indians,Bangalore,M Chinnaswamy Stadium,5/13/14,16,7
Rising Pune Super Giants,Delhi Daredevils,by wickets,field,India,Delhi Daredevils,Delhi Daredevils,Hyderabad,"Rajiv Gandhi International Stadium, Uppal",5/14/14,6,7
Chennai Super Kings,Sunrisers Hyderabad,by wickets,field,India,Chennai Super Kings,Chennai Super Kings,Cuttack,Barabati Stadium,5/14/14,6,7
Kings XI Punjab,Royal Challengers Bangalore,by runs,field,India,Royal Challengers Bangalore,Kings XI Punjab,Ahmedabad,"Sardar Patel Stadium, Motera",5/15/14,62,7
Kolkatta Knight Riders,Mumbai Indians,by wickets,bat,India,Kolkatta Knight Riders,Mumbai Indians,Ranchi,JSCA International Stadium Complex,5/18/14,5,7
Rising Pune Super Giants,Chennai Super Kings,by wickets,bat,India,Rising Pune Super Giants,Chennai Super Kings,Hyderabad,"Rajiv Gandhi International Stadium, Uppal",5/18/14,7,7
Kings XI Punjab,Sunrisers Hyderabad,by runs,bat,India,Sunrisers Hyderabad,Sunrisers Hyderabad,Ahmedabad,"Sardar Patel Stadium, Motera",5/19/14,25,7
Royal Challengers Bangalore,Delhi Daredevils,by wickets,field,India,Delhi Daredevils,Delhi Daredevils,Delhi,Feroz Shah Kotla,5/19/14,4,7
Rising Pune Super Giants,Mumbai Indians,by wickets,bat,India,Mumbai Indians,Rising Pune Super Giants,Hyderabad,"Rajiv Gandhi International Stadium, Uppal",5/20/14,7,7
Chennai Super Kings,Kolkatta Knight Riders,by wickets,field,India,Chennai Super Kings,Chennai Super Kings,Kolkata,Eden Gardens,5/20/14,8,7
Delhi Daredevils,Sunrisers Hyderabad,by wickets,field,India,Sunrisers Hyderabad,Sunrisers Hyderabad,Chandigarh,"Punjab Cricket Association Stadium, Mohali",5/21/14,7,7
Chennai Super Kings,Mumbai Indians,by runs,field,India,Mumbai Indians,Chennai Super Kings,Kolkata,Eden Gardens,5/22/14,30,7
Kolkatta Knight Riders,Rising Pune Super Giants,by wickets,field,India,Rising Pune Super Giants,Rising Pune Super Giants,Ranchi,JSCA International Stadium Complex,5/22/14,6,7
Sunrisers Hyderabad,Royal Challengers Bangalore,by runs,field,India,Royal Challengers Bangalore,Sunrisers Hyderabad,Mumbai,Wankhede Stadium,5/23/14,15,7
Delhi Daredevils,Kings XI Punjab,by runs,field,India,Kings XI Punjab,Delhi Daredevils,Chandigarh,"Punjab Cricket Association Stadium, Mohali",5/23/14,16,7
Mumbai Indians,Kolkatta Knight Riders,by wickets,field,India,Kolkatta Knight Riders,Kolkatta Knight Riders,Bangalore,M Chinnaswamy Stadium,5/24/14,8,7
Chennai Super Kings,Rising Pune Super Giants,by wickets,field,India,Chennai Super Kings,Chennai Super Kings,Kolkata,Eden Gardens,5/24/14,4,7
Delhi Daredevils,Royal Challengers Bangalore,by wickets,field,India,Delhi Daredevils,Delhi Daredevils,Chandigarh,"Punjab Cricket Association Stadium, Mohali",5/25/14,7,7
Sunrisers Hyderabad,Kings XI Punjab,by wickets,field,India,Sunrisers Hyderabad,Sunrisers Hyderabad,Mumbai,Wankhede Stadium,5/25/14,5,7
Delhi Daredevils,Chennai Super Kings,by runs,field,India,Delhi Daredevils,Chennai Super Kings,Kolkata,Eden Gardens,5/27/14,28,7
Kolkatta Knight Riders,Sunrisers Hyderabad,by wickets,field,India,Kolkatta Knight Riders,Kolkatta Knight Riders,Mumbai,Brabourne Stadium,5/28/14,7,7
Kolkatta Knight Riders,Delhi Daredevils,by runs,field,India,Kolkatta Knight Riders,Delhi Daredevils,Mumbai,Wankhede Stadium,5/30/14,24,7
Chennai Super Kings,Delhi Daredevils,by wickets,field,India,Chennai Super Kings,Chennai Super Kings,Bangalore,M Chinnaswamy Stadium,6/1/14,3,7
Chennai Super Kings,Sunrisers Hyderabad,by wickets,field,India,Chennai Super Kings,Chennai Super Kings,Kolkata,Eden Gardens,4/8/15,7,8
Kolkatta Knight Riders,Royal Challengers Bangalore,by runs,field,India,Royal Challengers Bangalore,Kolkatta Knight Riders,Chennai,"MA Chidambaram Stadium, Chepauk",4/9/15,1,8
Delhi Daredevils,Kings XI Punjab,by runs,field,India,Delhi Daredevils,Kings XI Punjab,Pune,Maharashtra Cricket Association Stadium,4/10/15,26,8
Kolkatta Knight Riders,Rising Pune Super Giants,by runs,bat,India,Kolkatta Knight Riders,Kolkatta Knight Riders,Chennai,"MA Chidambaram Stadium, Chepauk",4/11/15,45,8
Chennai Super Kings,Mumbai Indians,by wickets,field,India,Mumbai Indians,Mumbai Indians,Kolkata,Eden Gardens,4/11/15,3,8
Royal Challengers Bangalore,Kings XI Punjab,by wickets,field,India,Kings XI Punjab,Kings XI Punjab,Delhi,Feroz Shah Kotla,4/12/15,3,8
Sunrisers Hyderabad,Delhi Daredevils,by runs,field,India,Sunrisers Hyderabad,Delhi Daredevils,Mumbai,Wankhede Stadium,4/12/15,18,8
Mumbai Indians,Rising Pune Super Giants,by wickets,field,India,Rising Pune Super Giants,Rising Pune Super Giants,Bangalore,M Chinnaswamy Stadium,4/13/15,8,8
Kings XI Punjab,Sunrisers Hyderabad,by wickets,bat,India,Sunrisers Hyderabad,Kings XI Punjab,Ahmedabad,"Sardar Patel Stadium, Motera",4/14/15,7,8
Chennai Super Kings,Kolkatta Knight Riders,by wickets,field,India,Chennai Super Kings,Chennai Super Kings,Kolkata,Eden Gardens,4/30/15,7,8
Delhi Daredevils,Royal Challengers Bangalore,by wickets,bat,India,Delhi Daredevils,Royal Challengers Bangalore,Pune,Maharashtra Cricket Association Stadium,4/15/15,5,8
Rising Pune Super Giants,Kings XI Punjab,by wickets,field,India,Kings XI Punjab,Kings XI Punjab,Visakhapatnam,Dr. Y.S. Rajasekhara Reddy ACA-VDCA Cricket Stadium,4/16/15,6,8
Sunrisers Hyderabad,Kolkatta Knight Riders,by wickets,bat,India,Sunrisers Hyderabad,Kolkatta Knight Riders,Mumbai,Wankhede Stadium,4/17/15,6,8
Rising Pune Super Giants,Royal Challengers Bangalore,by runs,bat,India,Royal Challengers Bangalore,Royal Challengers Bangalore,Visakhapatnam,Dr. Y.S. Rajasekhara Reddy ACA-VDCA Cricket Stadium,4/18/15,4,8
Delhi Daredevils,Chennai Super Kings,by wickets,field,India,Chennai Super Kings,Chennai Super Kings,Pune,Maharashtra Cricket Association Stadium,4/18/15,4,8
Kings XI Punjab,Kolkatta Knight Riders,by wickets,bat,India,Kolkatta Knight Riders,Kings XI Punjab,Ahmedabad,"Sardar Patel Stadium, Motera",4/19/15,8,8
Mumbai Indians,Sunrisers Hyderabad,by runs,field,India,Mumbai Indians,Sunrisers Hyderabad,Bangalore,M Chinnaswamy Stadium,4/19/15,18,8
Royal Challengers Bangalore,Chennai Super Kings,by wickets,field,India,Chennai Super Kings,Chennai Super Kings,Delhi,Feroz Shah Kotla,4/20/15,6,8
Rising Pune Super Giants,Chennai Super Kings,by runs,field,India,Chennai Super Kings,Rising Pune Super Giants,Visakhapatnam,Dr. Y.S. Rajasekhara Reddy ACA-VDCA Cricket Stadium,4/22/15,16,8
Mumbai Indians,Kolkatta Knight Riders,by runs,field,India,Mumbai Indians,Kolkatta Knight Riders,Bangalore,M Chinnaswamy Stadium,4/22/15,27,8
Royal Challengers Bangalore,Sunrisers Hyderabad,by runs,field,India,Sunrisers Hyderabad,Royal Challengers Bangalore,Delhi,Feroz Shah Kotla,4/23/15,37,8
Kings XI Punjab,Mumbai Indians,by wickets,field,India,Mumbai Indians,Mumbai Indians,Ahmedabad,"Sardar Patel Stadium, Motera",4/24/15,9,8
Sunrisers Hyderabad,Rising Pune Super Giants,by runs,bat,India,Sunrisers Hyderabad,Sunrisers Hyderabad,Mumbai,Wankhede Stadium,4/25/15,20,8
Kolkatta Knight Riders,Delhi Daredevils,by runs,bat,India,Kolkatta Knight Riders,Kolkatta Knight Riders,Chennai,"MA Chidambaram Stadium, Chepauk",4/25/15,97,8
Royal Challengers Bangalore,Mumbai Indians,by wickets,field,India,Mumbai Indians,Mumbai Indians,Delhi,Feroz Shah Kotla,4/26/15,10,8
Delhi Daredevils,Rising Pune Super Giants,by runs,field,India,Delhi Daredevils,Rising Pune Super Giants,Chandigarh,"Punjab Cricket Association Stadium, Mohali",4/27/15,20,8
Chennai Super Kings,Royal Challengers Bangalore,by runs,bat,India,Chennai Super Kings,Chennai Super Kings,Kolkata,Eden Gardens,5/7/15,13,8
Kolkatta Knight Riders,Chennai Super Kings,by runs,field,India,Chennai Super Kings,Kolkatta Knight Riders,Chennai,"MA Chidambaram Stadium, Chepauk",4/28/15,2,8
Royal Challengers Bangalore,Delhi Daredevils,by wickets,field,India,Royal Challengers Bangalore,Royal Challengers Bangalore,Delhi,Feroz Shah Kotla,5/1/15,9,8
Sunrisers Hyderabad,Kings XI Punjab,by runs,field,India,Kings XI Punjab,Sunrisers Hyderabad,Mumbai,Wankhede Stadium,5/1/15,8,8
Mumbai Indians,Chennai Super Kings,by wickets,field,India,Mumbai Indians,Mumbai Indians,Bangalore,M Chinnaswamy Stadium,5/2/15,7,8
Rising Pune Super Giants,Kolkatta Knight Riders,by runs,field,India,Kolkatta Knight Riders,Rising Pune Super Giants,Hyderabad,"Rajiv Gandhi International Stadium, Uppal",5/2/15,22,8
Delhi Daredevils,Sunrisers Hyderabad,by runs,bat,India,Sunrisers Hyderabad,Sunrisers Hyderabad,Chandigarh,"Punjab Cricket Association Stadium, Mohali",5/3/15,23,8
Kings XI Punjab,Royal Challengers Bangalore,by runs,field,India,Royal Challengers Bangalore,Kings XI Punjab,Mumbai,Brabourne Stadium,5/3/15,14,8
Kolkatta Knight Riders,Mumbai Indians,by runs,bat,India,Kolkatta Knight Riders,Kolkatta Knight Riders,Chennai,"MA Chidambaram Stadium, Chepauk",5/4/15,24,8
Chennai Super Kings,Rising Pune Super Giants,by runs,field,India,Rising Pune Super Giants,Chennai Super Kings,Kolkata,Eden Gardens,5/4/15,35,8
Sunrisers Hyderabad,Royal Challengers Bangalore,by wickets,bat,India,Royal Challengers Bangalore,Sunrisers Hyderabad,Mumbai,Wankhede Stadium,5/5/15,5,8
Mumbai Indians,Delhi Daredevils,by runs,field,India,Delhi Daredevils,Mumbai Indians,Bangalore,M Chinnaswamy Stadium,5/6/15,138,8
Kings XI Punjab,Rising Pune Super Giants,by runs,field,India,Kings XI Punjab,Rising Pune Super Giants,Mumbai,Brabourne Stadium,5/7/15,7,8
Kolkatta Knight Riders,Sunrisers Hyderabad,by wickets,bat,India,Kolkatta Knight Riders,Sunrisers Hyderabad,Chennai,"MA Chidambaram Stadium, Chepauk",5/8/15,6,8
Chennai Super Kings,Delhi Daredevils,by wickets,bat,India,Delhi Daredevils,Chennai Super Kings,Kolkata,Eden Gardens,5/9/15,1,8
Royal Challengers Bangalore,Rising Pune Super Giants,by runs,bat,India,Rising Pune Super Giants,Rising Pune Super Giants,Raipur,Shaheed Veer Narayan Singh International Stadium,5/9/15,6,8
Sunrisers Hyderabad,Mumbai Indians,by runs,bat,India,Mumbai Indians,Mumbai Indians,Mumbai,Wankhede Stadium,5/10/15,39,8
Kolkatta Knight Riders,Kings XI Punjab,by runs,bat,India,Kolkatta Knight Riders,Kolkatta Knight Riders,Chennai,"MA Chidambaram Stadium, Chepauk",5/10/15,12,8
Rising Pune Super Giants,Delhi Daredevils,by runs,bat,India,Rising Pune Super Giants,Rising Pune Super Giants,Hyderabad,"Rajiv Gandhi International Stadium, Uppal",5/11/15,5,8
Royal Challengers Bangalore,Kolkatta Knight Riders,by wickets,bat,India,Kolkatta Knight Riders,Royal Challengers Bangalore,Raipur,Shaheed Veer Narayan Singh International Stadium,5/12/15,6,8
Delhi Daredevils,Mumbai Indians,by runs,field,India,Mumbai Indians,Delhi Daredevils,Chandigarh,"Punjab Cricket Association Stadium, Mohali",5/13/15,22,8
Sunrisers Hyderabad,Chennai Super Kings,by runs,field,India,Chennai Super Kings,Sunrisers Hyderabad,Mumbai,Wankhede Stadium,5/14/15,5,8
Rising Pune Super Giants,Mumbai Indians,by wickets,bat,India,Rising Pune Super Giants,Mumbai Indians,Hyderabad,"Rajiv Gandhi International Stadium, Uppal",5/15/15,6,8
Delhi Daredevils,Kolkatta Knight Riders,by wickets,bat,India,Delhi Daredevils,Kolkatta Knight Riders,Chandigarh,"Punjab Cricket Association Stadium, Mohali",5/16/15,7,8
Kings XI Punjab,Chennai Super Kings,by runs,bat,India,Kings XI Punjab,Kings XI Punjab,Mumbai,Brabourne Stadium,5/16/15,9,8
Rising Pune Super Giants,Sunrisers Hyderabad,by wickets,bat,India,Rising Pune Super Giants,Sunrisers Hyderabad,Hyderabad,"Rajiv Gandhi International Stadium, Uppal",5/17/15,9,8
Kolkatta Knight Riders,Sunrisers Hyderabad,by runs,bat,India,Sunrisers Hyderabad,Sunrisers Hyderabad,Mumbai,Wankhede Stadium,5/19/15,25,8
Mumbai Indians,Kings XI Punjab,by runs,bat,India,Mumbai Indians,Mumbai Indians,Pune,Maharashtra Cricket Association Stadium,5/20/15,71,8
Kolkatta Knight Riders,Mumbai Indians,by wickets,field,India,Kolkatta Knight Riders,Kolkatta Knight Riders,Ranchi,JSCA International Stadium Complex,5/22/15,3,8
Sunrisers Hyderabad,Kolkatta Knight Riders,by runs,field,India,Kolkatta Knight Riders,Sunrisers Hyderabad,Kolkata,Eden Gardens,5/24/15,41,8
Chennai Super Kings,Royal Challengers Bangalore,by wickets,field,India,Chennai Super Kings,Chennai Super Kings,Kolkata,Eden Gardens,4/10/16,9,9
Delhi Daredevils,Rising Pune Super Giants,by wickets,field,India,Rising Pune Super Giants,Pune Warriors,Chandigarh,"Punjab Cricket Association IS Bindra Stadium, Mohali",4/11/16,5,9
Mumbai Indians,Rising Pune Super Giants,by runs,field,India,Rising Pune Super Giants,Mumbai Indians,Bangalore,M Chinnaswamy Stadium,4/12/16,45,9
Chennai Super Kings,Sunrisers Hyderabad,by wickets,field,India,Sunrisers Hyderabad,Sunrisers Hyderabad,Kolkata,Eden Gardens,4/13/16,6,9
Rising Pune Super Giants,Sunrisers Hyderabad,by wickets,bat,India,Sunrisers Hyderabad,Pune Warriors,Rajkot,Saurashtra Cricket Association Stadium,4/14/16,7,9
Royal Challengers Bangalore,Delhi Daredevils,by wickets,field,India,Royal Challengers Bangalore,Royal Challengers Bangalore,Delhi,Feroz Shah Kotla,4/15/16,8,9
Rising Pune Super Giants,Chennai Super Kings,by wickets,bat,India,Rising Pune Super Giants,Chennai Super Kings,Hyderabad,"Rajiv Gandhi International Stadium, Uppal",4/16/16,8,9
Sunrisers Hyderabad,Rising Pune Super Giants,by wickets,field,India,Rising Pune Super Giants,Pune Warriors,Mumbai,Wankhede Stadium,4/16/16,3,9
Delhi Daredevils,Sunrisers Hyderabad,by wickets,bat,India,Sunrisers Hyderabad,Delhi Daredevils,Chandigarh,"Punjab Cricket Association IS Bindra Stadium, Mohali",4/17/16,6,9
Mumbai Indians,Royal Challengers Bangalore,by wickets,field,India,Royal Challengers Bangalore,Royal Challengers Bangalore,Bangalore,M Chinnaswamy Stadium,4/17/16,7,9
Rising Pune Super Giants,Sunrisers Hyderabad,by wickets,field,India,Rising Pune Super Giants,Rising Pune Super Giants,Hyderabad,"Rajiv Gandhi International Stadium, Uppal",4/18/16,7,9
Delhi Daredevils,Chennai Super Kings,by wickets,field,India,Chennai Super Kings,Chennai Super Kings,Chandigarh,"Punjab Cricket Association IS Bindra Stadium, Mohali",4/19/16,6,9
Sunrisers Hyderabad,Mumbai Indians,by wickets,field,India,Sunrisers Hyderabad,Sunrisers Hyderabad,Mumbai,Wankhede Stadium,4/20/16,6,9
Sunrisers Hyderabad,Mumbai Indians,by runs,field,India,Sunrisers Hyderabad,Mumbai Indians,Pune,Maharashtra Cricket Association Stadium,4/22/16,13,9
Royal Challengers Bangalore,Sunrisers Hyderabad,by runs,field,India,Sunrisers Hyderabad,Royal Challengers Bangalore,Delhi,Feroz Shah Kotla,4/23/16,10,9
Rising Pune Super Giants,Delhi Daredevils,by wickets,field,India,Rising Pune Super Giants,Rising Pune Super Giants,Hyderabad,"Rajiv Gandhi International Stadium, Uppal",4/23/16,5,9
Rising Pune Super Giants,Mumbai Indians,by wickets,bat,India,Mumbai Indians,Pune Warriors,Rajkot,Saurashtra Cricket Association Stadium,4/24/16,6,9
Sunrisers Hyderabad,Chennai Super Kings,by wickets,field,India,Chennai Super Kings,Chennai Super Kings,Pune,Maharashtra Cricket Association Stadium,4/24/16,2,9
Delhi Daredevils,Sunrisers Hyderabad,by runs,field,India,Delhi Daredevils,Sunrisers Hyderabad,Chandigarh,"Punjab Cricket Association IS Bindra Stadium, Mohali",4/25/16,25,9
Rising Pune Super Giants,Sunrisers Hyderabad,by runs,field,India,Sunrisers Hyderabad,Sunrisers Hyderabad,Hyderabad,"Rajiv Gandhi International Stadium, Uppal",4/26/16,34,9
Royal Challengers Bangalore,Rising Pune Super Giants,by runs,field,India,Royal Challengers Bangalore,Pune Warriors,Delhi,Feroz Shah Kotla,4/27/16,1,9
Sunrisers Hyderabad,Chennai Super Kings,by wickets,field,India,Sunrisers Hyderabad,Sunrisers Hyderabad,Mumbai,Wankhede Stadium,4/28/16,6,9
Sunrisers Hyderabad,Rising Pune Super Giants,by wickets,field,India,Rising Pune Super Giants,Pune Warriors,Pune,Maharashtra Cricket Association Stadium,4/29/16,3,9
Royal Challengers Bangalore,Chennai Super Kings,by runs,field,India,Chennai Super Kings,Royal Challengers Bangalore,Delhi,Feroz Shah Kotla,4/30/16,27,9
Rising Pune Super Giants,Mumbai Indians,by runs,field,India,Mumbai Indians,Rising Pune Super Giants,Hyderabad,"Rajiv Gandhi International Stadium, Uppal",4/30/16,15,9
Rising Pune Super Giants,Delhi Daredevils,by runs,field,India,Rising Pune Super Giants,Delhi Daredevils,Rajkot,Saurashtra Cricket Association Stadium,5/1/16,23,9
Mumbai Indians,Chennai Super Kings,by wickets,field,India,Chennai Super Kings,Chennai Super Kings,Bangalore,M Chinnaswamy Stadium,5/2/16,5,9
Rising Pune Super Giants,Royal Challengers Bangalore,by wickets,field,India,Royal Challengers Bangalore,Royal Challengers Bangalore,Rajkot,Saurashtra Cricket Association Stadium,5/3/16,8,9
Chennai Super Kings,Delhi Daredevils,by runs,field,India,Delhi Daredevils,Chennai Super Kings,Kolkata,Eden Gardens,5/4/16,7,9
Royal Challengers Bangalore,Sunrisers Hyderabad,by wickets,field,India,Sunrisers Hyderabad,Sunrisers Hyderabad,Delhi,Feroz Shah Kotla,5/5/16,7,9
Mumbai Indians,Sunrisers Hyderabad,by wickets,field,India,Mumbai Indians,Mumbai Indians,Bangalore,M Chinnaswamy Stadium,5/7/16,7,9
Delhi Daredevils,Royal Challengers Bangalore,by runs,field,India,Royal Challengers Bangalore,Delhi Daredevils,Chandigarh,"Punjab Cricket Association IS Bindra Stadium, Mohali",5/7/16,9,9
Sunrisers Hyderabad,Rising Pune Super Giants,by runs,field,India,Sunrisers Hyderabad,Rising Pune Super Giants,Visakhapatnam,Dr. Y.S. Rajasekhara Reddy ACA-VDCA Cricket Stadium,5/8/16,85,9
Chennai Super Kings,Rising Pune Super Giants,by wickets,field,India,Rising Pune Super Giants,Pune Warriors,Kolkata,Eden Gardens,5/8/16,5,9
Delhi Daredevils,Mumbai Indians,by runs,field,India,Delhi Daredevils,Mumbai Indians,Chandigarh,"Punjab Cricket Association IS Bindra Stadium, Mohali",5/9/16,1,9
Sunrisers Hyderabad,Rising Pune Super Giants,by runs,bat,India,Rising Pune Super Giants,Rising Pune Super Giants,Visakhapatnam,Dr. Y.S. Rajasekhara Reddy ACA-VDCA Cricket Stadium,5/10/16,4,9
Mumbai Indians,Sunrisers Hyderabad,by wickets,field,India,Sunrisers Hyderabad,Sunrisers Hyderabad,Bangalore,M Chinnaswamy Stadium,5/11/16,6,9
Rising Pune Super Giants,Royal Challengers Bangalore,by wickets,field,India,Royal Challengers Bangalore,Royal Challengers Bangalore,Hyderabad,"Rajiv Gandhi International Stadium, Uppal",5/12/16,7,9
Sunrisers Hyderabad,Delhi Daredevils,by wickets,bat,India,Sunrisers Hyderabad,Delhi Daredevils,Visakhapatnam,Dr. Y.S. Rajasekhara Reddy ACA-VDCA Cricket Stadium,5/13/16,7,9
Mumbai Indians,Rising Pune Super Giants,by runs,field,India,Rising Pune Super Giants,Mumbai Indians,Bangalore,M Chinnaswamy Stadium,5/14/16,144,9
Chennai Super Kings,Sunrisers Hyderabad,by wickets,bat,India,Sunrisers Hyderabad,Chennai Super Kings,Kolkata,Eden Gardens,5/14/16,8,9
Delhi Daredevils,Rising Pune Super Giants,by wickets,bat,India,Delhi Daredevils,Rising Pune Super Giants,Chandigarh,"Punjab Cricket Association IS Bindra Stadium, Mohali",5/15/16,7,9
Sunrisers Hyderabad,Royal Challengers Bangalore,by runs,field,India,Royal Challengers Bangalore,Sunrisers Hyderabad,Visakhapatnam,Dr. Y.S. Rajasekhara Reddy ACA-VDCA Cricket Stadium,5/15/16,80,9
Chennai Super Kings,Mumbai Indians,by wickets,field,India,Mumbai Indians,Mumbai Indians,Kolkata,Eden Gardens,5/16/16,9,9
Sunrisers Hyderabad,Royal Challengers Bangalore,by runs,field,India,Sunrisers Hyderabad,Sunrisers Hyderabad,Visakhapatnam,Dr. Y.S. Rajasekhara Reddy ACA-VDCA Cricket Stadium,5/17/16,19,9
Mumbai Indians,Delhi Daredevils,by runs,field,India,Delhi Daredevils,Mumbai Indians,Bangalore,M Chinnaswamy Stadium,5/18/16,82,9
Rising Pune Super Giants,Chennai Super Kings,by wickets,field,India,Rising Pune Super Giants,Pune Warriors,Kanpur,Green Park,5/19/16,6,9
Royal Challengers Bangalore,Rising Pune Super Giants,by wickets,field,India,Royal Challengers Bangalore,Royal Challengers Bangalore,Raipur,Shaheed Veer Narayan Singh International Stadium,5/20/16,6,9
Sunrisers Hyderabad,Delhi Daredevils,by wickets,bat,India,Delhi Daredevils,Sunrisers Hyderabad,Visakhapatnam,Dr. Y.S. Rajasekhara Reddy ACA-VDCA Cricket Stadium,5/21/16,4,9
Rising Pune Super Giants,Sunrisers Hyderabad,by wickets,field,India,Rising Pune Super Giants,Pune Warriors,Kanpur,Green Park,5/21/16,6,9
Chennai Super Kings,Rising Pune Super Giants,by runs,field,India,Rising Pune Super Giants,Chennai Super Kings,Kolkata,Eden Gardens,5/22/16,22,9
Royal Challengers Bangalore,Mumbai Indians,by wickets,field,India,Mumbai Indians,Mumbai Indians,Raipur,Shaheed Veer Narayan Singh International Stadium,5/22/16,6,9
Rising Pune Super Giants,Mumbai Indians,by wickets,field,India,Mumbai Indians,Mumbai Indians,Bangalore,M Chinnaswamy Stadium,5/24/16,4,9
Rising Pune Super Giants,Chennai Super Kings,by runs,field,India,Chennai Super Kings,Rising Pune Super Giants,Delhi,Feroz Shah Kotla,5/25/16,22,9
Mumbai Indians,Rising Pune Super Giants,by runs,bat,India,Rising Pune Super Giants,Rising Pune Super Giants,Bangalore,M Chinnaswamy Stadium,5/29/16,8,9